URL,Label,URL_Length,Has_HTTPS,Special_Char_Count,Dot_Count,Contains_IP
https://gnu.org,legitimate,15,1,2,1,0
https://jhu.edu,legitimate,15,1,2,1,0
http://pub-e42cb528b102447385e3145197916f51.r2.dev/owa-pageeee-owa.html,phishing,71,0,3,3,0
http://nftluck57.vercel.app/,phishing,28,0,3,2,0
https://is.gd/s1Kf3K,phishing,20,1,3,1,0
https://lucaslucalucas.github.io/Netflix,phishing,40,1,3,2,0
https://archive.org,legitimate,19,1,2,1,0
http://tegegram.dhlmxpost.vip/,phishing,30,0,3,2,0
https://addons.mozilla.org,legitimate,26,1,2,2,0
https://antaidossiersuivamendimpayeerf33.zynekcctv.com/amandes/,phishing,63,1,4,2,0
http://qksnzbdxbdhe.top/,phishing,24,0,3,1,0
https://gob.mx,legitimate,14,1,2,1,0
https://homemetamaskllog.godaddysites.com/,phishing,42,1,3,2,0
https://nps.gov,legitimate,15,1,2,1,0
https://muybbtemail9on28s.weebly.com/,phishing,37,1,3,2,0
https://addthis.com,legitimate,19,1,2,1,0
https://google.ca,legitimate,17,1,2,1,0
http://motmsaskt-login.gitbook.io/us/,phishing,37,0,4,2,0
http://mxmxnmx.mx.zya.me/,phishing,25,0,3,3,0
https://mint-openseaboxc-xi.vercel.app/,phishing,39,1,3,2,0
https://networkadvertising.org,legitimate,30,1,2,1,0
https://behance.net,legitimate,19,1,2,1,0
https://cbsnews.com,legitimate,19,1,2,1,0
https://arcgis.com,legitimate,18,1,2,1,0
https://coursera.org,legitimate,20,1,2,1,0
https://sharepointfd.weebly.com/,phishing,32,1,3,2,0
https://box.com,legitimate,15,1,2,1,0
https://nyu.edu,legitimate,15,1,2,1,0
https://bp.blogspot.com,legitimate,23,1,2,2,0
https://business.site,legitimate,21,1,2,1,0
https://googleblog.com,legitimate,22,1,2,1,0
https://amazon051.github.io/prueva051,phishing,37,1,3,2,0
https://goodreads.com,legitimate,21,1,2,1,0
https://reddit.com,legitimate,18,1,2,1,0
http://walletconnectrecovery-71g.pages.dev/,phishing,43,0,3,2,0
https://allegrolokalnie.p24-981421.buzz/aukcja/312315b440da4-59c0-47fa-a74b-9bf8386cec7d,phishing,88,1,4,2,0
http://luk6414.wixsite.com/my-site/,phishing,35,0,4,2,0
http://pub-c0a934c950e441db96b882789f53c9ea.r2.dev/koolame.html,phishing,63,0,3,3,0
https://oracle.com,legitimate,18,1,2,1,0
http://telus.signup.clik2pay.com/,phishing,33,0,3,3,0
https://aliexpress.com,legitimate,22,1,2,1,0
https://booking.partner-xtranetgate.cfd/,phishing,40,1,3,2,0
https://pewresearch.org,legitimate,23,1,2,1,0
http://omgtower.netlify.app/spotify-iphone-control-mac,phishing,54,0,3,2,0
https://web.archive.org,legitimate,23,1,2,2,0
https://makaansearch.com/1at0/ATO/personal.html,phishing,47,1,5,2,0
https://1bake.chanze.my.id/verify.php/,phishing,38,1,4,4,0
https://svviicess.weebly.com/,phishing,29,1,3,2,0
https://sroemcoommnumnlty.com/qitio/nenutr/babnu,phishing,48,1,5,1,0
https://croxihollabri-9778.vercel.app/ruu.html/hwkls.html,phishing,57,1,4,4,0
https://glisteningtoksnev.netlify.app/,phishing,38,1,3,2,0
https://wandulct.eventsinindonesia.com/re.php,phishing,45,1,3,3,0
https://independent.co.uk,legitimate,25,1,2,2,0
https://google.de,legitimate,17,1,2,1,0
https://haliikairental.com/,phishing,27,1,3,1,0
http://verified-get-tick.vercel.app/,phishing,36,0,3,2,0
http://apply-verified-badge0-service-form.vercel.app/,phishing,53,0,3,2,0
https://xoiquaumimmeca-2256.vercel.app/ruu.html/hwkls.html,phishing,58,1,4,4,0
https://amazon-ui-clone-zeta.vercel.app/,phishing,40,1,3,2,0
https://pub-6ff145fcc44944dbad18bef4dd988852.r2.dev/index.html,phishing,62,1,3,3,0
http://openconnect.netflix.com.first.cilukba.us.kg/,phishing,51,0,3,6,0
https://noreplyleamanager.wixsite.com/offisesendproo,phishing,52,1,3,2,0
https://antaidossiersuivamendimpayeerf33.zynekcctv.com/amandes/infospage.php,phishing,76,1,4,3,0
https://goo.su/VN2O9,phishing,20,1,3,1,0
https://svviicess.weebly.com/,phishing,29,1,3,2,0
http://npca.netflix.com.id1.karasantan.web.id/,phishing,46,0,3,6,0
http://pub-9c4181be917b4f29b6cc99c1ac769498.r2.dev/index.html,phishing,61,0,3,3,0
https://weebly.com,legitimate,18,1,2,1,0
https://worldbank.org,legitimate,21,1,2,1,0
http://yetoksuotxtcom.pages.dev/,phishing,32,0,3,2,0
http://www.spotifyplaybackspeed.com/,phishing,36,0,3,2,0
https://narzoniz.github.io/fawad,phishing,32,1,3,2,0
http://makaansearch.com/1at0/ATO/otp.html,phishing,41,0,5,2,0
http://makaansearch.com/1at0/ATO/file/db_connect.php,phishing,52,0,6,2,0
http://olx-ba.id54678.com/product/43989334/money,phishing,48,0,5,2,0
https://intel.com,legitimate,17,1,2,1,0
http://idorangefr1.weebly.com/,phishing,30,0,3,2,0
https://clickbank-pro.web.app/,phishing,30,1,3,2,0
https://pub-6ff9aaa2cd4143d7b3a44ac161ceb19a.r2.dev/index.html,phishing,62,1,3,3,0
http://pub-c0a934c950e441db96b882789f53c9ea.r2.dev/koolame.html,phishing,63,0,3,3,0
https://europa.eu,legitimate,17,1,2,1,0
http://att-mail-109008.weeblysite.com/,phishing,38,0,3,2,0
http://www.udaanjunior.com/htaccess/,phishing,36,0,4,2,0
http://www.americanexpressempresas.com/,phishing,39,0,3,2,0
https://pub-2a7c35ab42534559b978ecb5650f2963.r2.dev/AT%26TYAHOO.html,phishing,68,1,4,3,0
http://sbcglobmakikcyd.weebly.com/,phishing,34,0,3,2,0
https://helpwlltcoct.gitbook.io/en-us,phishing,37,1,3,2,0
http://pub-e42cb528b102447385e3145197916f51.r2.dev/owa-pageeee-owa.html,phishing,71,0,3,3,0
https://pub-6350a5e7e149466784e1040f235693c5.r2.dev/index.html,phishing,62,1,3,3,0
http://dara3dccj.wixsite.com/my-site-1/,phishing,39,0,4,2,0
https://researchgate.net,legitimate,24,1,2,1,0
http://metamaskdapp.cc/,phishing,23,0,3,1,0
http://www.cba-verify-identity.com/main.html,phishing,44,0,3,3,0
https://digg.com,legitimate,16,1,2,1,0
https://office.com,legitimate,18,1,2,1,0
https://docs-iotrazor.github.io/,phishing,32,1,3,2,0
http://autoreplyattmode.wixsite.com/my-site-1/,phishing,46,0,4,2,0
https://prosvip.shop/,phishing,21,1,3,1,0
https://calendly.com,legitimate,20,1,2,1,0
https://rakuten-carda.info/,phishing,27,1,3,1,0
https://alter-eg0s.github.io/grade-changer/,phishing,43,1,4,2,0
https://pub-ec5ded36a0e64c7e9b54f2729e83f38d.r2.dev/index.html,phishing,62,1,3,3,0
https://gov.uk,legitimate,14,1,2,1,0
https://doi.org,legitimate,15,1,2,1,0
https://nefrikipocei-4705.vercel.app/ratixx.html/,phishing,49,1,4,3,0
https://meta.com-case54874.com/help/contact/93332714637564,phishing,58,1,5,2,0
http://winner.midasbuy-page.com/,phishing,32,0,3,2,0
https://cnet.com,legitimate,16,1,2,1,0
https://commonrics.firebaseapp.com/,phishing,35,1,3,2,0
http://web3.pancake.run/,phishing,24,0,3,2,0
https://mhydh.sbs/,phishing,18,1,3,1,0
https://fb.watch,legitimate,16,1,2,1,0
https://telstra-100469.weeblysite.com/,phishing,38,1,3,2,0
http://steam.poweredworkitem.com/filedetails/sharedfile/id=3204295397/,phishing,70,0,7,2,0
https://vipmall3.shop/,phishing,22,1,3,1,0
http://jagej73796.wixsite.com/my-site/,phishing,38,0,4,2,0
https://amazon-ui-clone-zeta.vercel.app/,phishing,40,1,3,2,0
https://umkrakknloginnn.gitbook.io/,phishing,35,1,3,2,0
http://linkbntuan-danaid.duckdns.org/,phishing,37,0,3,2,0
https://live.com,legitimate,16,1,2,1,0
https://office887.weebly.com/,phishing,29,1,3,2,0
https://googleusercontent.com,legitimate,29,1,2,1,0
https://constantcontact.com,legitimate,27,1,2,1,0
http://service-client.godaddysites.com/,phishing,39,0,3,2,0
http://cdn.dragon.cere.network/833/baear4icf6dtx3h6e6gglnfpr6yyweit5udvc6rn7bya2hlyyhanldeqlaq/dhltracking.html,phishing,111,0,5,4,0
https://bandcamp.com,legitimate,20,1,2,1,0
https://eepurl.com,legitimate,18,1,2,1,0
http://antaidossiersuivamendimpayeerf33.zynekcctv.com/amandes,phishing,61,0,3,2,0
https://unesco.org,legitimate,18,1,2,1,0
https://pub-7de030c98a6740c8991a8d1291b6513e.r2.dev/index.html,phishing,62,1,3,3,0
https://de.wikipedia.org,legitimate,24,1,2,2,0
http://tomhapxanonj.cyou/login,phishing,30,0,3,1,0
https://youtube.com,legitimate,19,1,2,1,0
https://iso.org,legitimate,15,1,2,1,0
https://zyexx.com/k776a38f07d3f74d2f1b108d7eexc8895aba.html,phishing,59,1,3,2,0
https://curren12056.weebly.com/,phishing,31,1,3,2,0
http://uptyxqtftovv.top/login,phishing,29,0,3,1,0
https://narzoniz.github.io/fawad,phishing,32,1,3,2,0
https://nefrikipocei-4705.vercel.app/ratixx.html/,phishing,49,1,4,3,0
https://pub-a58832a85ddb4e9abc898a965971118b.r2.dev/index.html,phishing,62,1,3,3,0
https://cornell.edu,legitimate,19,1,2,1,0
http://okqmxiemzoem.top/,phishing,24,0,3,1,0
https://youku.com,legitimate,17,1,2,1,0
http://63678986365.com/,phishing,23,0,3,1,0
http://kbkv42qi5.top/login,phishing,26,0,3,1,0
https://ubuntu.com,legitimate,18,1,2,1,0
http://upphholdd-uss.godaddysites.com/,phishing,38,0,3,2,0
https://pub-8eec0509aa5f4af3ad9bbd83b00b600b.r2.dev/yahoomailupdated%20(1)n.html,phishing,80,1,4,3,0
https://chryslerpower.com/tmp/thumbnails/jsn_ext_uniform_pro_standard/outlook.com/index.html,phishing,92,1,7,3,0
https://narzoniz.github.io/neelam,phishing,33,1,3,2,0
https://fastcompany.com,legitimate,23,1,2,1,0
https://britannica.com,legitimate,22,1,2,1,0
http://fnxyzihiendz.top/login,phishing,29,0,3,1,0
https://cutt.ly,legitimate,15,1,2,1,0
https://www.extremas.com.ar/dir/fr/am/3dsec.php,phishing,47,1,6,4,0
https://nasa.gov,legitimate,16,1,2,1,0
https://oup.com,legitimate,15,1,2,1,0
http://meatmaskogin-ua-us.godaddysites.com/,phishing,43,0,3,2,0
https://serivsacu.casa/,phishing,23,1,3,1,0
https://wandulct.eventsinindonesia.com/update.php,phishing,49,1,3,3,0
http://260aesthetic.wixsite.com/atd0/,phishing,37,0,4,2,0
https://pub-671ae1ff64674c3ba9e54c618b905356.r2.dev/index.html,phishing,62,1,3,3,0
https://amazon.com,legitimate,18,1,2,1,0
https://nvidia.com,legitimate,18,1,2,1,0
https://waalletcconect.gitbook.io/us,phishing,36,1,3,2,0
https://paradigmasa.com.co/,phishing,27,1,3,2,0
https://sec.gov,legitimate,15,1,2,1,0
https://amazonaws.com,legitimate,21,1,2,1,0
https://pub-7de030c98a6740c8991a8d1291b6513e.r2.dev/index.html,phishing,62,1,3,3,0
https://cache.netflix.com.id1.karasantan.web.id/,phishing,48,1,3,6,0
https://shaw-104166.weeblysite.com/,phishing,35,1,3,2,0
https://mit.edu,legitimate,15,1,2,1,0
https://example1.com,legitimate,20,1,2,1,0
http://www.551001.me/register.html,phishing,34,0,3,3,0
http://mozimzemerly.pages.dev/,phishing,30,0,3,2,0
http://tegegram.dhlmxpost.vip/,phishing,30,0,3,2,0
https://bloomberg.com,legitimate,21,1,2,1,0
http://rfobenhgodlogssus.godaddysites.com/,phishing,42,0,3,2,0
https://bafybeiheu4az5ymdraneuxsvbwsedbsxvyufdqqrxrlnl2dlujrfmvaxam.ipfs.dweb.link/,phishing,83,1,3,3,0
https://psychologytoday.com,legitimate,27,1,2,1,0
https://pub-0e8741090d7e480ca61c70036172a931.r2.dev/index.html,phishing,62,1,3,3,0
https://www.shorturl.at/fg7Xy?VE=4885b1qn,phishing,41,1,4,2,0
https://bocekilacla.com/,phishing,24,1,3,1,0
https://netflexa.netlify.app/,phishing,29,1,3,2,0
https://apnews.com,legitimate,18,1,2,1,0
https://epplae.pet-ut-treatment.com/aplee/,phishing,42,1,4,2,0
https://quoifitrettuppe-6521.vercel.app/ruu.html/hwkls.html,phishing,59,1,4,4,0
https://u.infotrackcwd.top/l/,phishing,29,1,4,2,0
https://baidu.com,legitimate,17,1,2,1,0
https://openstreetmap.org,legitimate,25,1,2,1,0
http://telus.signup.clik2pay.com/,phishing,33,0,3,3,0
http://pkodbnemubtd.top/,phishing,24,0,3,1,0
https://docker.com,legitimate,18,1,2,1,0
https://businesswire.com,legitimate,24,1,2,1,0
https://booking.partner-xtranetgate.cfd/,phishing,40,1,3,2,0
https://lmanesh7.github.io/,phishing,27,1,3,2,0
http://enjoygiftamz.fun/,phishing,24,0,3,1,0
https://upancakeswap.pages.dev/,phishing,31,1,3,2,0
https://pub-e3953676f2eb45c8a55de54223357830.r2.dev/index.html,phishing,62,1,3,3,0
https://pub-506f5f001cc548ea8d8f4efe90c4c9ee.r2.dev/index.html,phishing,62,1,3,3,0
https://muaaweyahkp.github.io/fb-signup-bs5/,phishing,44,1,4,2,0
https://mintynft10.vercel.app/,phishing,30,1,3,2,0
http://mayfair313.wixsite.com/my-site/,phishing,38,0,4,2,0
http://lpeqemxeprfh.top/login,phishing,29,0,3,1,0
https://discord.com,legitimate,19,1,2,1,0
https://booking.partner-hub.cfd/,phishing,32,1,3,2,0
http://upphholdd-uss.godaddysites.com/,phishing,38,0,3,2,0
https://meitemaskoo.github.io/,phishing,30,1,3,2,0
https://makaansearch.com/1at0/ATO/index.html,phishing,44,1,5,2,0
http://alfolw.dk/[email%C3%A3%C2%A3%C3%A2%C2%83%C3%A3%C2%A2%C3%A2%C2%82protected].zip,phishing,85,0,19,2,0
http://datrennenima-4673.vercel.app/mixcc.html/index.html,phishing,57,0,4,4,0
https://gc.ca,legitimate,13,1,2,1,0
https://epplae.westridgemanors.com/aplee/,phishing,41,1,4,2,0
https://ikea.com,legitimate,16,1,2,1,0
https://login.uxinnovation.com.br/login,phishing,39,1,3,3,0
http://u.to/JzUAIQ,phishing,18,0,3,1,0
https://huffingtonpost.com,legitimate,26,1,2,1,0
http://ibjlwkiyatit.top/login,phishing,29,0,3,1,0
https://wikihow.com,legitimate,19,1,2,1,0
http://www.551001.me/register.html,phishing,34,0,3,3,0
https://aol.com,legitimate,15,1,2,1,0
http://service-client.godaddysites.com/,phishing,39,0,3,2,0
http://247-dapprectify.pages.dev/,phishing,33,0,3,2,0
http://bet3699a.com/,phishing,20,0,3,1,0
http://ingressobdvv.click/,phishing,26,0,3,1,0
https://darshan9611.github.io/price,phishing,35,1,3,2,0
http://server.h74w.com/invite/12536668/,phishing,39,0,5,2,0
https://sainojwl.com/,phishing,21,1,3,1,0
https://yelp.com,legitimate,16,1,2,1,0
https://dev.mysql.com,legitimate,21,1,2,2,0
https://nginx.com,legitimate,17,1,2,1,0
https://h5.share-idn.com/index.html#/pages/active/active?inviter=50207516&domain=h5.share-idn.com&landing=h5.0x3p.com,phishing,117,1,11,7,0
https://rebrand.ly/ovo5nob,phishing,26,1,3,1,0
https://mayoclinic.org,legitimate,22,1,2,1,0
https://twitter.com,legitimate,19,1,2,1,0
https://apache.org,legitimate,18,1,2,1,0
https://amazon.de,legitimate,17,1,2,1,0
https://netflix.com,legitimate,19,1,2,1,0
https://cambridge.org,legitimate,21,1,2,1,0
https://azurewebsites.net,legitimate,25,1,2,1,0
https://clbkpemulih4nn.homeonline.biz.id/,phishing,41,1,3,3,0
https://soundcloud.com,legitimate,22,1,2,1,0
https://currentlyatt5957.weebly.com/,phishing,36,1,3,2,0
https://helpwlltcoct.gitbook.io/en-us,phishing,37,1,3,2,0
http://server.h74w.com/invite/12536668/,phishing,39,0,5,2,0
http://www.extremas.com.ar/dir/fr/am/paiement.php,phishing,49,0,6,4,0
https://salesforce.com,legitimate,22,1,2,1,0
https://substack.com,legitimate,20,1,2,1,0
https://ietf.org,legitimate,16,1,2,1,0
https://jvcon-nect.org/usaaomx/,phishing,31,1,4,1,0
https://plus.google.com,legitimate,23,1,2,2,0
http://www.bonusumgaranti.info/,phishing,31,0,3,2,0
https://zdnet.com,legitimate,17,1,2,1,0
https://vipmall3.shop/,phishing,22,1,3,1,0
https://yahoo.com,legitimate,17,1,2,1,0
https://channel-xq.buzz/tme,phishing,27,1,3,1,0
https://tik-seller.net/,phishing,23,1,3,1,0
http://21q2y1y21.top/login,phishing,26,0,3,1,0
http://cdfwzdtixcjm.top/login,phishing,29,0,3,1,0
https://twitch.tv,legitimate,17,1,2,1,0
https://wired.com,legitimate,17,1,2,1,0
http://bitvavobdjskdbdjfa.cc/,phishing,29,0,3,1,0
http://telaagam.mafine.cyou/,phishing,28,0,3,2,0
https://pub-940c549d8b0d473e8066e5ca68d8c472.r2.dev/index.html,phishing,62,1,3,3,0
https://3.bp.blogspot.com,legitimate,25,1,2,3,0
https://nist.gov,legitimate,16,1,2,1,0
http://tqkksig17.top/login,phishing,26,0,3,1,0
http://upiuldlagiq.godaddysites.com/,phishing,36,0,3,2,0
https://theguardian.com,legitimate,23,1,2,1,0
https://mybt-106689.weeblysite.com/,phishing,35,1,3,2,0
https://makaansearch.com/1at0/ATO/otp.html,phishing,42,1,5,2,0
https://noreplyleamanager.wixsite.com/offisesendproo,phishing,52,1,3,2,0
https://uqklaz1.3bh5ujij7pp.dns-dynamic.net/,phishing,44,1,3,3,0
https://feedburner.com,legitimate,22,1,2,1,0
https://slaemcoonnmnumnlty.com/loigun/murmik/ortop,phishing,50,1,5,1,0
https://youronlinechoices.com,legitimate,29,1,2,1,0
https://si.edu,legitimate,14,1,2,1,0
https://fda.gov,legitimate,15,1,2,1,0
https://app.pancakeportal.finance/,phishing,34,1,3,2,0
https://sohu.com,legitimate,16,1,2,1,0
https://newyorker.com,legitimate,21,1,2,1,0
https://yandex.ru,legitimate,17,1,2,1,0
https://stripe.com,legitimate,18,1,2,1,0
http://www.inpostdom.cyou/,phishing,26,0,3,2,0
http://bafybeieubbdk6tipjqxnm5i6qkoynxds3ers6m3oohr525ku4i4s5ccmz4.ipfs.dweb.link/,phishing,82,0,3,3,0
http://metamaosklgin.gitbook.io/us/,phishing,35,0,4,2,0
https://matamuskloggin.github.io/,phishing,33,1,3,2,0
https://web.whatsapp.com,legitimate,24,1,2,2,0
http://autoteh-samara.ru/russkom-izmena/3621-izmeny-russkih-nevest-na-svadbe-119-foto.html,phishing,90,0,4,2,0
https://windows.net,legitimate,19,1,2,1,0
https://docswlltcnnctt.gitbook.io/en-us,phishing,39,1,3,2,0
https://myshopify.com,legitimate,21,1,2,1,0
http://www.linkbntuan-danaid.duckdns.org/,phishing,41,0,3,3,0
https://canada.ca,legitimate,17,1,2,1,0
http://metamaskdapp.top/,phishing,24,0,3,1,0
https://mhydh.sbs/,phishing,18,1,3,1,0
https://upancakeswap.pages.dev/,phishing,31,1,3,2,0
https://abc.net.au,legitimate,18,1,2,2,0
https://telegraph.co.uk,legitimate,23,1,2,2,0
https://chryslerpower.com/tmp/thumbnails/jsn_ext_uniform_pro_standard/outlook.com/index.html,phishing,92,1,7,3,0
https://tokemn.com/,phishing,19,1,3,1,0
https://clubbmxbogota.com/s_generale/societe-generale%20v1.2%2026-08-2024%20(1)%20(4)/societe-generale%20v1.2%2026-08-2024,phishing,122,1,11,3,0
https://lnkd.in,legitimate,15,1,2,1,0
https://workspaceupdates.googleblog.com,legitimate,39,1,2,2,0
https://cache.netflix.com.user12.lsanasta.us.kg/,phishing,48,1,3,6,0
https://web3live.pages.dev/,phishing,27,1,3,2,0
https://shutterstock.com,legitimate,24,1,2,1,0
https://blogspot.com,legitimate,20,1,2,1,0
http://weltgram.xys70.cc/,phishing,25,0,3,2,0
http://latamblackfriday.vercel.app/,phishing,35,0,3,2,0
http://monetization-violation.github.io/violatoin-help/,phishing,55,0,4,2,0
https://oreilly.com,legitimate,19,1,2,1,0
http://support-metahelpcenter-id100003498934.netlify.app/help/support/client_id=900521099500510/,phishing,96,0,7,2,0
https://usmallv.shop/,phishing,21,1,3,1,0
https://shopify.com,legitimate,19,1,2,1,0
http://meatmaskogin-ua-us.godaddysites.com/,phishing,43,0,3,2,0
https://maskmethelogeysinn34.godaddysites.com/,phishing,46,1,3,2,0
https://pub-d4ba0d44cbc640b0a7f9847e1b62c1b4.r2.dev/index.html,phishing,62,1,3,3,0
https://pub-d301d1a8a2384f2290e943d6151e875f.r2.dev/index.html,phishing,62,1,3,3,0
https://youtube-nocookie.com,legitimate,28,1,2,1,0
http://bt-internet-109101.weeblysite.com/,phishing,41,0,3,2,0
https://ssrn.com,legitimate,16,1,2,1,0
https://coniabaseprolognus.gitbook.io/,phishing,38,1,3,2,0
https://allegrolokalnie.p24-981421.buzz/aukcja/312315b440da4-59c0-47fa-a74b-9bf8386cec7d,phishing,88,1,4,2,0
http://seller.ebay-shopprodjs.com/,phishing,34,0,3,2,0
https://v.qq.com,legitimate,16,1,2,2,0
http://21q2y1y21.top/login,phishing,26,0,3,1,0
https://aboutcookies.org,legitimate,24,1,2,1,0
http://trapperjit.com/bankofoklamaha/,phishing,37,0,4,1,0
https://teleegam.art/,phishing,21,1,3,1,0
https://google.fr,legitimate,17,1,2,1,0
https://user.fm/files/v2-de006cf41ae5a3c4e0e34595f2a9a9ae/Proof%20of%20Payment.htm/,phishing,83,1,8,2,0
https://medicalnewstoday.com,legitimate,28,1,2,1,0
http://datamatium.com/wp-admin/user/newresultssssszz/docusign.html,phishing,66,0,6,2,0
https://netflexa.netlify.app/,phishing,29,1,3,2,0
https://vapokaufiju-7502.vercel.app/ruu.html/hwkls.html,phishing,55,1,4,4,0
https://focippatoha-2950.vercel.app/poc.meko,phishing,44,1,3,3,0
http://pusatbntuan-dana.duckdns.org/,phishing,36,0,3,2,0
http://uphoold-loogiusa56.godaddysites.com/,phishing,43,0,3,2,0
http://autoteh-samara.ru/russkom-izmena/3621-izmeny-russkih-nevest-na-svadbe-119-foto.html,phishing,90,0,4,2,0
http://upholljoyinlog.godaddysites.com/,phishing,39,0,3,2,0
https://hergeng2578.xyz/m/register?codeNumber=24626,phishing,51,1,5,1,0
https://sourceforge.net,legitimate,23,1,2,1,0
https://berkeley.edu,legitimate,20,1,2,1,0
https://un.org,legitimate,14,1,2,1,0
https://sarayupamidi.github.io/netflix/,phishing,39,1,4,2,0
http://grupogolos.net/,phishing,22,0,3,1,0
https://1bake.chanze.my.id/verify.php/,phishing,38,1,4,4,0
https://tik-sellers.net/,phishing,24,1,3,1,0
https://canva.com,legitimate,17,1,2,1,0
http://www.alfolw.dk/[email%C3%83%C2%A3%C3%82%C2%83%C3%83%C2%A2%C3%82%C2%82protected].zip,phishing,89,0,19,3,0
http://apply-verified-badge0-service-form.vercel.app/,phishing,53,0,3,2,0
https://homemetamaskllog.godaddysites.com/,phishing,42,1,3,2,0
https://nih.gov,legitimate,15,1,2,1,0
http://pub-96d3671f4c4f418ba1c02f5598ed7b51.r2.dev/index2HiC.htm,phishing,64,0,3,3,0
https://receber-ind.com/,phishing,24,1,3,1,0
http://linkbntuan-danaid.duckdns.org/,phishing,37,0,3,2,0
https://h5.share-idn.com/index.html#/pages/active/active?inviter=50207516&domain=h5.share-idn.com&landing=h5.0x3p.com,phishing,117,1,11,7,0
http://clentregaexpres.com/,phishing,27,0,3,1,0
http://gminilogionc.godaddysites.com/,phishing,37,0,3,2,0
http://upiuldlagiq.godaddysites.com/,phishing,36,0,3,2,0
http://telegramgr0upd4tingherexxx69.pages.dev/,phishing,46,0,3,2,0
https://discord.gg,legitimate,18,1,2,1,0
https://mailchi.mp,legitimate,18,1,2,1,0
https://harvard.edu,legitimate,19,1,2,1,0
https://96037586365.com:9900/,phishing,29,1,3,1,0
http://kbkv42qi5.top/login,phishing,26,0,3,1,0
http://www.551001.me/agent.html,phishing,31,0,3,3,0
http://www.goo.su/nkzl3A/,phishing,25,0,4,2,0
https://usatoday.com,legitimate,20,1,2,1,0
http://geemini-login.godaddysites.com/,phishing,38,0,3,2,0
https://telegram.me,legitimate,19,1,2,1,0
https://time.com,legitimate,16,1,2,1,0
https://allegrolokalnie.kategorie-polecane-831.buzz/aukcja/31231c0628519-4ec4-4684-8589-ea0c4bca88e8,phishing,100,1,4,2,0
https://nytimes.com,legitimate,19,1,2,1,0
https://log.idconnectorangcms.udp64.de/lft-plus/,phishing,48,1,4,3,0
https://plesk.com,legitimate,17,1,2,1,0
https://sfgate.com,legitimate,18,1,2,1,0
https://stackexchange.com,legitimate,25,1,2,1,0
http://mmmetamsk-logg.godaddysites.com/,phishing,39,0,3,2,0
https://umn.edu,legitimate,15,1,2,1,0
https://gouv.fr,legitimate,15,1,2,1,0
https://macromedia.com,legitimate,22,1,2,1,0
https://pub-5f1c43f5cde042a58705be82ef00c958.r2.dev/index.html,phishing,62,1,3,3,0
http://feji.us/marketplace-supporthelp909,phishing,41,0,3,1,0
http://steancommnunity.com/gift/activation/id=1131341079,phishing,56,0,6,1,0
https://i0.wp.com,legitimate,17,1,2,2,0
https://prnewswire.com,legitimate,22,1,2,1,0
https://sroemcoommnumnlty.com/eril/btriv/hei,phishing,44,1,5,1,0
https://microsoft.com,legitimate,21,1,2,1,0
http://www.pusatbntuan-dana.duckdns.org/,phishing,40,0,3,3,0
https://mohammedsalihv.github.io/netflix/,phishing,41,1,4,2,0
https://columbia.edu,legitimate,20,1,2,1,0
http://xq5ns1k6w.top/login,phishing,26,0,3,1,0
https://trustpilot.com,legitimate,22,1,2,1,0
http://mint-openseas2-azure.vercel.app/,phishing,39,0,3,2,0
https://telstra-100469.weeblysite.com/,phishing,38,1,3,2,0
https://alibaba.com,legitimate,19,1,2,1,0
https://usgs.gov,legitimate,16,1,2,1,0
https://login.uxinnovation.com.br/,phishing,34,1,3,3,0
http://www.tinyurl.com/58xprpt8/,phishing,32,0,4,2,0
https://latam-omeg.vercel.app/,phishing,30,1,3,2,0
https://utexas.edu,legitimate,18,1,2,1,0
https://surveymonkey.com,legitimate,24,1,2,1,0
https://u.infotrackpwk.top/l,phishing,28,1,3,2,0
https://creativeservices.netflix.com.id1.karasantan.web.id/,phishing,59,1,3,6,0
https://www.autho-edfed.duckdns.org/,phishing,36,1,3,3,0
https://u.infotracknxw.top/l/,phishing,29,1,4,2,0
https://sainuasd.com/,phishing,21,1,3,1,0
https://moodle.org,legitimate,18,1,2,1,0
https://amzn.to,legitimate,15,1,2,1,0
https://suport-page-manage.com/,phishing,31,1,3,1,0
http://attmailservicenow.wixstudio.io/my-site/,phishing,46,0,4,2,0
http://mail.linkbntuan-danaid.duckdns.org/,phishing,42,0,3,3,0
https://tkmall.shopping/,phishing,24,1,3,1,0
http://nv-metmskilogi.godaddysites.com/,phishing,39,0,3,2,0
https://io-upheldlogin.gitbook.io/us,phishing,36,1,3,2,0
https://mp.weixin.qq.com,legitimate,24,1,2,3,0
http://quionbaspro-lgoiin-usa.godaddysites.com/,phishing,47,0,3,2,0
https://microsoftonline.com,legitimate,27,1,2,1,0
http://www.svipmall.shop/,phishing,25,0,3,2,0
http://login-metamaisk.gitbook.io/,phishing,34,0,3,2,0
http://www.americanexpressempresas.com/,phishing,39,0,3,2,0
http://website-c67c0f24.rwk.liz.temporary.site/infra/infospage.php,phishing,66,0,4,5,0
https://pub-2ba2f00d7b84414c955f7291fd3bcc1c.r2.dev/index.html,phishing,62,1,3,3,0
https://youtu.be,legitimate,16,1,2,1,0
http://website-clone-html-css.netlify.app/,phishing,42,0,3,2,0
http://steamconmumity.com/gift/activation/id=1561143305,phishing,55,0,6,1,0
https://cba-verify-identity.com/,phishing,32,1,3,1,0
https://teamviewer.com,legitimate,22,1,2,1,0
https://25267356.cdpnk.my/,phishing,26,1,3,2,0
https://usmallv.shop/,phishing,21,1,3,1,0
https://joujiyeuhoprou-9952.vercel.app/vux.hovek/,phishing,49,1,4,3,0
http://makaansearch.com/1at0/ATO/otp2.html,phishing,42,0,5,2,0
https://shtl.xyz/s/a736,phishing,23,1,4,1,0
https://quydoi-lienquan.com/GICT7WUNAr3n4BsVnH8vSGghzEC%3EFB,phishing,60,1,4,1,0
https://whatsapp-kd.com/,phishing,24,1,3,1,0
https://makaansearch.com/1at0/ATO/otp2.html,phishing,43,1,5,2,0
http://uphoold-loogiusa56.godaddysites.com/,phishing,43,0,3,2,0
http://lpeqemxeprfh.top/login,phishing,29,0,3,1,0
https://eventbrite.com,legitimate,22,1,2,1,0
http://cbasaprologi-us.gitbook.io/,phishing,34,0,3,2,0
http://rohnbinhoodlooginn.godaddysites.com/,phishing,43,0,3,2,0
https://service.gov.uk,legitimate,22,1,2,2,0
http://methammaskusaalognini.godaddysites.com/,phishing,46,0,3,2,0
https://who.int,legitimate,15,1,2,1,0
https://antaidossiersuivamendimpayeerf33.zynekcctv.com/amandes/3dsec.php,phishing,72,1,4,3,0
http://ckoinbaseprologin.godaddysites.com/,phishing,42,0,3,2,0
https://amazon.co.uk,legitimate,20,1,2,2,0
https://photobucket.com,legitimate,23,1,2,1,0
http://www.tinyurl.com/58xprpt8/,phishing,32,0,4,2,0
https://www.extremas.com.ar/dir/fr/am/3dsece.php,phishing,48,1,6,4,0
http://www.551001.me/agent.html,phishing,31,0,3,3,0
http://idkbsmvenxtm.top/,phishing,24,0,3,1,0
http://u.to/JzUAIQ,phishing,18,0,3,1,0
https://forbes.com,legitimate,18,1,2,1,0
https://hbr.org,legitimate,15,1,2,1,0
https://support.apple.com,legitimate,25,1,2,2,0
https://doros.kinsta.cloud/wp-content/upgrade/ddprojet/pages/payment-page.php,phishing,77,1,7,3,0
http://paypal-login-mny-accountt.gitbook.io/,phishing,44,0,3,2,0
https://dana-m.duckdns.org/,phishing,27,1,3,2,0
http://idorangefr7.godaddysites.com/,phishing,36,0,3,2,0
http://sites.google.com/view/pecialmorals/home,phishing,46,0,5,2,0
http://www.linkbntuan-danaid.duckdns.org/,phishing,41,0,3,3,0
http://makaansearch.com/1at0/ATO/personal.html,phishing,46,0,5,2,0
http://paypal-login-mny-accountt.gitbook.io/,phishing,44,0,3,2,0
https://faecbook.com.vn/timnguoigapngay10thang11,phishing,48,1,3,2,0
https://tumblr.com,legitimate,18,1,2,1,0
http://fhvresver.weebly.com/,phishing,28,0,3,2,0
https://slate.com,legitimate,17,1,2,1,0
http://mint-openseas2-azure.vercel.app/,phishing,39,0,3,2,0
https://nginx.org,legitimate,17,1,2,1,0
http://mother.pics/+T8pkx03xSSeXR8e,phishing,35,0,3,1,0
http://signinattcomdynamiciamlrrlrrcontrolleo.weebly.com/,phishing,57,0,3,2,0
http://koiicingliglg.godaddysites.com/,phishing,38,0,3,2,0
https://helpnets.info/ca6e1daeadcf56468ah94b86b69o82637d16.html,phishing,63,1,3,2,0
http://winner.midasbuy-page.com/,phishing,32,0,3,2,0
https://bafybeiawzpzpbzwqauhvrupzyywr5bjpjryeflsgwozc6c5u5wip4nzm6q.ipfs.dweb.link/,phishing,83,1,3,3,0
http://vdv.oqp.mybluehost.me/website_997728e1/wp-admin/includes/bookmark/638/,phishing,77,0,8,3,0
https://memopeibattu-8791.vercel.app/tal.gonex/,phishing,47,1,4,3,0
https://cam.ac.uk,legitimate,17,1,2,2,0
https://zouzelleiprepre-4308.vercel.app/ratixx.html/,phishing,52,1,4,3,0
https://tik-seller.net/,phishing,23,1,3,1,0
https://office365.com,legitimate,21,1,2,1,0
https://u.infotrackkhm.top/l/,phishing,29,1,4,2,0
https://lmanesh7.github.io/,phishing,27,1,3,2,0
https://dev-support-live365blog.pantheonsite.io/,phishing,48,1,3,2,0
https://healthline.com,legitimate,22,1,2,1,0
https://dribbble.com,legitimate,20,1,2,1,0
https://dfjbrydtemail.weebly.com/,phishing,33,1,3,2,0
https://makaansearch.com/1at0/ATO/index2.html,phishing,45,1,5,2,0
https://zouzelleiprepre-4308.vercel.app/ratixx.html/,phishing,52,1,4,3,0
https://arstechnica.com,legitimate,23,1,2,1,0
https://ebay.com,legitimate,16,1,2,1,0
https://apa.org,legitimate,15,1,2,1,0
http://c3oj5mh4i.top/login,phishing,26,0,3,1,0
https://truzorwullatr.gitbook.io/,phishing,33,1,3,2,0
http://www.551001.me/promo.html,phishing,31,0,3,3,0
https://nbcnews.com,legitimate,19,1,2,1,0
https://cloudflare.com,legitimate,22,1,2,1,0
http://pchekolejehrpostj.7d7sr35izl.free.hr/,phishing,44,0,3,3,0
https://house.gov,legitimate,17,1,2,1,0
http://cdn.dragon.cere.network/833/baear4icf6dtx3h6e6gglnfpr6yyweit5udvc6rn7bya2hlyyhanldeqlaq/dhltracking.html,phishing,111,0,5,4,0
https://faecbook.com.vn/timnguoigapngay10thang11,phishing,48,1,3,2,0
http://68agbdrx2.top/login,phishing,26,0,3,1,0
https://free.fr,legitimate,15,1,2,1,0
https://pub-0543c75a264040169028b3aa9abaf345.r2.dev/index.html,phishing,62,1,3,3,0
http://attmailservicenow.wixstudio.io/my-site/,phishing,46,0,4,2,0
https://server.2rk3.com/invite/66408923,phishing,39,1,4,2,0
https://pixabay.com,legitimate,19,1,2,1,0
https://www.suport-page-help.com/contract/support-case-id=61567278831000,phishing,72,1,5,2,0
https://siduyhsy.weebly.com/,phishing,28,1,3,2,0
https://indiatimes.com,legitimate,22,1,2,1,0
https://chatgpt.com,legitimate,19,1,2,1,0
https://ibm.com,legitimate,15,1,2,1,0
https://pub-5f1c43f5cde042a58705be82ef00c958.r2.dev/index.html,phishing,62,1,3,3,0
http://koiicingliglg.godaddysites.com/,phishing,38,0,3,2,0
https://user.fm/files/v2-de006cf41ae5a3c4e0e34595f2a9a9ae/Proof%20of%20Payment.htm/,phishing,83,1,8,2,0
https://academia.edu,legitimate,20,1,2,1,0
https://python.org,legitimate,18,1,2,1,0
https://whitehouse.gov,legitimate,22,1,2,1,0
https://github.io,legitimate,17,1,2,1,0
https://beian.gov.cn,legitimate,20,1,2,2,0
http://amazon7yogesh.pages.dev/,phishing,31,0,3,2,0
http://steancommnunity.com/gift/activation/id=1131341079,phishing,56,0,6,1,0
http://grupogolos.net/,phishing,22,0,3,1,0
http://www.netflix-dual-subtitles.com/,phishing,38,0,3,2,0
https://sagr-28.github.io/CSSHW,phishing,31,1,3,2,0
https://guzhinb.akuanakmamah.de/,phishing,32,1,3,2,0
https://wandulct.eventsinindonesia.com/rever.php,phishing,48,1,3,3,0
https://android.com,legitimate,19,1,2,1,0
http://tqkksig17.top/login,phishing,26,0,3,1,0
https://mozilla.org,legitimate,19,1,2,1,0
https://merriam-webster.com,legitimate,27,1,2,1,0
http://qtk.nir.mybluehost.me/dbs.com.html?entity=31321,phishing,54,0,4,5,0
https://pub-a8b03f861d264838bc70b3737ea516ed.r2.dev/index.html,phishing,62,1,3,3,0
https://dell.com,legitimate,16,1,2,1,0
https://bbc.co.uk,legitimate,17,1,2,2,0
http://iw2091-2100.netlify.app/,phishing,31,0,3,2,0
http://makaansearch.com/1at0/ATO/otp.html,phishing,41,0,5,2,0
https://guardian.co.uk,legitimate,22,1,2,2,0
https://goo.gl,legitimate,14,1,2,1,0
https://ch7-zeta.vercel.app/intest.html,phishing,39,1,3,3,0
http://sbcglobmakikcyd.weebly.com/,phishing,34,0,3,2,0
https://jigsaw.w3.org,legitimate,21,1,2,2,0
https://medium.com,legitimate,18,1,2,1,0
http://ohwwmclliaas.top/login,phishing,29,0,3,1,0
https://logesh1404.github.io/Instagram-Clone-login-page/,phishing,56,1,4,2,0
http://steancommnunity.com/847302df7fcbec6aec54dacd5bbcb51a/c3RlYW1jb25tdW1pdHkuY29t/aHR0cDovL3N0ZWFuY29tbW51bml0eS5jb20vZ2lmdC9hY3RpdmF0aW9uL2lkPTE1NjExNDMzMDU=,phishing,161,0,6,1,0
http://quegrucogrouvoi-8717.vercel.app/ratixx.html,phishing,50,0,3,3,0
https://pub-d301d1a8a2384f2290e943d6151e875f.r2.dev/index.html,phishing,62,1,3,3,0
https://sciencedaily.com,legitimate,24,1,2,1,0
http://rohnbinhoodlooginn.godaddysites.com/,phishing,43,0,3,2,0
https://news.google.com,legitimate,23,1,2,2,0
https://claim-free-verified-badge.vercel.app/,phishing,45,1,3,2,0
https://suport-page-manage.com/robots.txt/,phishing,42,1,4,2,0
https://www.cs0103.com/,phishing,23,1,3,2,0
https://irs.gov,legitimate,15,1,2,1,0
https://sroemcoommnumnlty.com/kleoi/ninet/rigos,phishing,47,1,5,1,0
https://siduyhsy.weebly.com/,phishing,28,1,3,2,0
http://meuthmasklogin.gitbook.io/,phishing,33,0,3,2,0
http://antaidossiersuivamendimpayeerf33.zynekcctv.com/amandes,phishing,61,0,3,2,0
https://yellowjacket.co.nz/ap/index.php,phishing,39,1,4,3,0
https://livescience.com,legitimate,23,1,2,1,0
https://guzhinb.akuanakmamah.de/,phishing,32,1,3,2,0
http://shopify-xp.shop/,phishing,23,0,3,1,0
https://mt.jsyvvriijl.bond/,phishing,27,1,3,2,0
http://pusatbntuan-dana.duckdns.org/,phishing,36,0,3,2,0
http://metamaskcrypto.top/,phishing,26,0,3,1,0
https://pub-0e8741090d7e480ca61c70036172a931.r2.dev/index.html,phishing,62,1,3,3,0
https://sainojwl.com/,phishing,21,1,3,1,0
https://metamiisklogixx.godaddysites.com/,phishing,41,1,3,2,0
https://bilibili.com,legitimate,20,1,2,1,0
https://apps.apple.com,legitimate,22,1,2,2,0
https://mallvipy.shop/,phishing,22,1,3,1,0
https://pub-6ff9aaa2cd4143d7b3a44ac161ceb19a.r2.dev/index.html,phishing,62,1,3,3,0
https://h5.z3v2.com/index.html#/pages/active/active?inviter=66408923&domain=h5.z3v2.com&landing=h5.3y4j.com,phishing,107,1,11,7,0
http://xsuweamskeidjf.weebly.com/,phishing,33,0,3,2,0
http://resisted-amusing-driver.glitch.me/public/index_CNC.html,phishing,62,0,4,3,0
https://sharunbabu.github.io/Netflix-clone/,phishing,43,1,4,2,0
https://support.google.com,legitimate,26,1,2,2,0
https://umkrakknloginnn.gitbook.io/,phishing,35,1,3,2,0
https://elsevier.com,legitimate,20,1,2,1,0
https://pub-1f6eb1dee0cb430894854e27a19a83be.r2.dev/index.html,phishing,62,1,3,3,0
https://google.co.uk,legitimate,20,1,2,2,0
https://pub-c83e6c94c61249bf8667914f85590f97.r2.dev/currently%20attachments.html,phishing,80,1,4,3,0
https://rebrand.ly/1c3fe0,phishing,25,1,3,1,0
https://x.com,legitimate,13,1,2,1,0
https://doros.kinsta.cloud/wp-content/upgrade/ddprojet/pages/infromation-page.php,phishing,81,1,7,3,0
https://naver.com,legitimate,17,1,2,1,0
https://kouwanouzizoi-4919.vercel.app/mixcc.html,phishing,48,1,3,3,0
https://aasdte78fjbno90.weebly.com/,phishing,35,1,3,2,0
http://vdv.oqp.mybluehost.me/website_997728e1/wp-admin/includes/bookmark/638/paiement.php,phishing,89,0,8,4,0
http://ibjlwkiyatit.top/login,phishing,29,0,3,1,0
https://wyp.zrx.mybluehost.me/en/SBB/index/,phishing,43,1,6,3,0
https://washington.edu,legitimate,22,1,2,1,0
https://kemittrra-perttamiina-pgn-tm.zpro.shop/,phishing,47,1,3,2,0
https://wandulct.eventsinindonesia.com/,phishing,39,1,3,2,0
http://www.netflix-dual-subtitles.com/,phishing,38,0,3,2,0
http://realfgsghehsy-tech.pages.dev/,phishing,36,0,3,2,0
https://io-upheldlogin.gitbook.io/us,phishing,36,1,3,2,0
http://www.bonusumgaranti.info/,phishing,31,0,3,2,0
https://pub-671ae1ff64674c3ba9e54c618b905356.r2.dev/index.html,phishing,62,1,3,3,0
https://bbc.com,legitimate,15,1,2,1,0
https://sciencemag.org,legitimate,22,1,2,1,0
https://pac-trackingiv.top/i/,phishing,29,1,4,1,0
https://qz.com,legitimate,14,1,2,1,0
https://cba-verify-identity.com/,phishing,32,1,3,1,0
https://fao.org,legitimate,15,1,2,1,0
http://steancommnunity.com/gift/activation/id=1561143305,phishing,56,0,6,1,0
http://feji.us/marketplace-supporthelp909,phishing,41,0,3,1,0
https://pub-2ba2f00d7b84414c955f7291fd3bcc1c.r2.dev/index.html,phishing,62,1,3,3,0
https://down.tiktok881.com/,phishing,27,1,3,2,0
https://webs.com,legitimate,16,1,2,1,0
http://makaansearch.com/1at0/ATO/personal.html,phishing,46,0,5,2,0
https://g.page,legitimate,14,1,2,1,0
http://dara3dccj.wixsite.com/my-site-1/,phishing,39,0,4,2,0
https://mint-openseaboxc-xi.vercel.app/,phishing,39,1,3,2,0
https://quaprobreusorau-5083.vercel.app/ruu.html/hwkls.html,phishing,59,1,4,4,0
https://sninhmall.com/,phishing,22,1,3,1,0
https://aljazeera.com,legitimate,21,1,2,1,0
https://nationalgeographic.com,legitimate,30,1,2,1,0
https://mysql.com,legitimate,17,1,2,1,0
https://influenceteamdatastream.vercel.app/A2Yr9Nv=qfK1UtB$nhditgid=1HYt.html,phishing,77,1,5,3,0
https://currently70.weebly.com/,phishing,31,1,3,2,0
https://u.infotrackpwk.top/l,phishing,28,1,3,2,0
https://www.suport-page-help.com/contract/support-case-id=61567278831000,phishing,72,1,5,2,0
https://t.co,legitimate,12,1,2,1,0
https://pp.jsyvvriijl.bond/,phishing,27,1,3,2,0
https://perbaikan-akun-dana.dnyjis.biz.id/,phishing,42,1,3,3,0
http://bosotvangnonj.cyou/login,phishing,31,0,3,1,0
https://antaidossiersuivamendimpayeerf33.zynekcctv.com/amandes/paiement.php,phishing,75,1,4,3,0
https://metamaskioo.gitbook.io/,phishing,31,1,3,2,0
https://change.org,legitimate,18,1,2,1,0
https://mxrdigras.github.io/quickflix-repo,phishing,42,1,3,2,0
http://www.werdenaktualisiert.com/wp-content/themes/twentytwentytwo/templates/24/Aktion/re88872155DE680220/05580578780CH8569980055DE00650/c5e20c025935c2d8b18c6ed8e5590db3/,phishing,171,0,12,2,0
http://ibjlwkiyatit.top/,phishing,24,0,3,1,0
http://supports-yours-pages.com/,phishing,32,0,3,1,0
http://tomhapbiaangonj.cyou/login,phishing,33,0,3,1,0
https://science.org,legitimate,19,1,2,1,0
https://acm.org,legitimate,15,1,2,1,0
http://nftluck57.vercel.app/,phishing,28,0,3,2,0
https://dev-support-live365blog.pantheonsite.io/,phishing,48,1,3,2,0
https://giphy.com,legitimate,17,1,2,1,0
http://mozimzemerly.pages.dev/,phishing,30,0,3,2,0
https://api.whatsapp.com,legitimate,24,1,2,2,0
https://ucla.edu,legitimate,16,1,2,1,0
https://issuu.com,legitimate,17,1,2,1,0
http://www.cirriusgroup.com/,phishing,28,0,3,2,0
http://walletconnectrecovery-71g.pages.dev/,phishing,43,0,3,2,0
http://omgtower.netlify.app/spotify-iphone-control-mac,phishing,54,0,3,2,0
https://mint-openseas2x.vercel.app/,phishing,35,1,3,2,0
https://rewapsuotxtcom.pages.dev/,phishing,33,1,3,2,0
http://vdv.oqp.mybluehost.me/website_997728e1/wp-admin/includes/bookmark/638/3dsec.php,phishing,86,0,8,4,0
https://epplae.pet-ut-treatment.com/aplee/,phishing,42,1,4,2,0
https://blogger.com,legitimate,19,1,2,1,0
https://booking.extrant-partner.lol/,phishing,36,1,3,2,0
https://doubleclick.net,legitimate,23,1,2,1,0
http://klai.xx4ci.my.id/,phishing,24,0,3,3,0
https://bmj.com,legitimate,15,1,2,1,0
http://website-c67c0f24.rwk.liz.temporary.site/infra/infospage.php,phishing,66,0,4,5,0
https://nhs.uk,legitimate,14,1,2,1,0
https://adobe.com,legitimate,17,1,2,1,0
https://ipfs.io/ipfs/bafybeie4vqg5ex5ndtagqwch6wnuabe6wfp7rloguddwmxoz7btq3uz3o4/fill.html,phishing,90,1,5,2,0
http://realfgsghehsy-tech.pages.dev/,phishing,36,0,3,2,0
https://joujiyeuhoprou-9952.vercel.app/vux.hovek/,phishing,49,1,4,3,0
https://cache.netflix.com.user12.lsanasta.us.kg/,phishing,48,1,3,6,0
https://ciwiresuotxtcom.pages.dev/,phishing,34,1,3,2,0
https://u.infotrackdxf.top/l,phishing,28,1,3,2,0
https://pub-659044bb68384dc99a6f10639a2ce0f8.r2.dev/index.html,phishing,62,1,3,3,0
https://www.extremas.com.ar/dir/fr/am/3dsece.php,phishing,48,1,6,4,0
https://currentlyatt5957.weebly.com/,phishing,36,1,3,2,0
https://muybbtemail9on28s.weebly.com/,phishing,37,1,3,2,0
https://mt.jsyvvriijl.bond/,phishing,27,1,3,2,0
https://promunnomenni-2290.vercel.app/ruu.html/hwkls.html,phishing,57,1,4,4,0
https://aafreen2.github.io/CSS-HW-1,phishing,35,1,3,2,0
https://lnkfwd.com/u/MUEUMson,phishing,29,1,4,1,0
http://www.spotifyplaybackspeed.com/,phishing,36,0,3,2,0
https://pub-ec5ded36a0e64c7e9b54f2729e83f38d.r2.dev/index.html,phishing,62,1,3,3,0
https://mint-openseas2x.vercel.app/,phishing,35,1,3,2,0
https://app.pancakeportal.finance/,phishing,34,1,3,2,0
https://makaansearch.com/1at0/ATO/otp.html,phishing,42,1,5,2,0
https://amazoneclothing.sbs/com/,phishing,32,1,4,1,0
https://vox.com,legitimate,15,1,2,1,0
http://ingressobdvv.click/,phishing,26,0,3,1,0
https://wyp.zrx.mybluehost.me/en/SBB/index/,phishing,43,1,6,3,0
https://marriott.com,legitimate,20,1,2,1,0
http://site-audit-fedex-reo.pantheonsite.io/,phishing,44,0,3,2,0
https://staemcomnmunity.com/tradeoffer/new/?partner=1219357172&token,phishing,68,1,7,1,0
https://washingtonpost.com,legitimate,26,1,2,1,0
https://noaa.gov,legitimate,16,1,2,1,0
http://www.instapass.fr/,phishing,24,0,3,2,0
http://www.alfolw.dk/[email%C3%83%C2%A3%C3%82%C2%83%C3%83%C2%A2%C3%82%C2%82protected].zip,phishing,89,0,19,3,0
https://readthedocs.io,legitimate,22,1,2,1,0
https://waalletcconect.gitbook.io/us,phishing,36,1,3,2,0
http://cdfwzdtixcjm.top/login,phishing,29,0,3,1,0
https://openai.com,legitimate,18,1,2,1,0
https://statcounter.com,legitimate,23,1,2,1,0
https://slack.com,legitimate,17,1,2,1,0
https://antaidossiersuivamendimpayeerf33.zynekcctv.com/amandes/infospage.php,phishing,76,1,4,3,0
https://kcoinbisaecoinserror.azurewebsites.net/,phishing,47,1,3,2,0
https://www.trustwallet.divinaldec.com/,phishing,39,1,3,3,0
https://quaprobreusorau-5083.vercel.app/ruu.html/hwkls.html,phishing,59,1,4,4,0
http://kzyqemikfbva.top/,phishing,24,0,3,1,0
https://bocekilacla.com/,phishing,24,1,3,1,0
https://geimilugin3.godaddysites.com/,phishing,37,1,3,2,0
https://narzoniz.github.io/neelam,phishing,33,1,3,2,0
http://coinnbase-pro-logiin.godaddysites.com/,phishing,45,0,3,2,0
https://lucaslucalucas.github.io/Netflix,phishing,40,1,3,2,0
https://bedtitan.firebaseapp.com/,phishing,33,1,3,2,0
http://pub-9c4181be917b4f29b6cc99c1ac769498.r2.dev/index.html,phishing,61,0,3,3,0
http://trapperjit.com/bankofoklamaha/,phishing,37,0,4,1,0
http://mehtamasj-llofign.godaddysites.com/,phishing,42,0,3,2,0
https://buzzfeed.com,legitimate,20,1,2,1,0
http://mail.pusatbntuan-dana.duckdns.org/,phishing,41,0,3,3,0
https://wandulct.eventsinindonesia.com/rever.php,phishing,48,1,3,3,0
https://instagram.com,legitimate,21,1,2,1,0
http://olx-ba.id54678.com/product/43989334/money,phishing,48,0,5,2,0
https://www.cs0103.com/,phishing,23,1,3,2,0
https://haliikairental.com/,phishing,27,1,3,1,0
https://wandulct.eventsinindonesia.com/update.php,phishing,49,1,3,3,0
https://wikia.com,legitimate,17,1,2,1,0
https://aboutads.info,legitimate,21,1,2,1,0
https://zhihu.com,legitimate,17,1,2,1,0
http://zenuenlwineb.top/login,phishing,29,0,3,1,0
https://geamin-logiusa.godaddysites.com/,phishing,40,1,3,2,0
https://start-docs-triezr.github.io/,phishing,36,1,3,2,0
https://dailymail.co.uk,legitimate,23,1,2,2,0
https://www.shorturl.at/fg7Xy?VE=4885b1qn,phishing,41,1,4,2,0
https://line.me,legitimate,15,1,2,1,0
http://motmsaskt-login.gitbook.io/us/,phishing,37,0,4,2,0
https://kemittrra-perttamiina-pgn-tm.zpro.shop/,phishing,47,1,3,2,0
https://bbb.org,legitimate,15,1,2,1,0
https://sarayupamidi.github.io/netflix/,phishing,39,1,4,2,0
https://gitflix-12.netlify.app/,phishing,31,1,3,2,0
https://pub-eb8c27d821f3450d987b2330d29ae92c.r2.dev/index.html,phishing,62,1,3,3,0
https://receber-ind.com/,phishing,24,1,3,1,0
https://pub-3784361eb0b640e797495d46b35ce030.r2.dev/Audit-Report.html,phishing,69,1,3,3,0
https://shaw-104166.weeblysite.com/,phishing,35,1,3,2,0
https://ymbzgoze.com/,phishing,21,1,3,1,0
http://ohwwmclliaas.top/login,phishing,29,0,3,1,0
https://pub-769cdd6f40174a9dafbc4dc10d1d55f1.r2.dev/index.html,phishing,62,1,3,3,0
https://epplae.midwestremailer.com/aplee/,phishing,41,1,4,2,0
https://ymbzgoze.com/,phishing,21,1,3,1,0
https://jetrannegapre-7765.vercel.app/ratixx.html/,phishing,50,1,4,3,0
https://tw.midaspowers.com/,phishing,27,1,3,2,0
http://telegramgr0upd4tingherexxx69.pages.dev/,phishing,46,0,3,2,0
http://qtk.nir.mybluehost.me/dbs.com.html?entity=31321,phishing,54,0,4,5,0
https://oecd.org,legitimate,16,1,2,1,0
https://wpa.qq.com,legitimate,18,1,2,2,0
https://geocities.com,legitimate,21,1,2,1,0
http://jetrannegapre-7765.vercel.app/ratixx.html,phishing,48,0,3,3,0
https://weforum.org,legitimate,19,1,2,1,0
https://samsung.com,legitimate,19,1,2,1,0
http://steam.poweredworkitem.com/filedetails/sharedfile/id=3204295397/,phishing,70,0,7,2,0
http://dssbmeftibda.top/,phishing,24,0,3,1,0
https://epplae.midwestremailer.com/aplee/,phishing,41,1,4,2,0
https://epa.gov,legitimate,15,1,2,1,0
https://accionesbnrural1-gt.pages.dev/,phishing,38,1,3,2,0
https://log.idconnectorangcms.udp64.de/lft-plus/,phishing,48,1,4,3,0
http://clentregaexpres.com/,phishing,27,0,3,1,0
https://fr.wikipedia.org,legitimate,24,1,2,2,0
http://meuthmasklogin.gitbook.io/,phishing,33,0,3,2,0
https://trimmer.to/kFOGH,phishing,24,1,3,1,0
https://vk.com,legitimate,14,1,2,1,0
https://sciencedirect.com,legitimate,25,1,2,1,0
https://pub-c83e6c94c61249bf8667914f85590f97.r2.dev/currently%20attachments.html,phishing,80,1,4,3,0
http://telaagam.mafine.cyou/,phishing,28,0,3,2,0
https://atmailupdatewptnskmdinfomailacct.weebly.com/,phishing,52,1,3,2,0
https://hergeng2578.xyz/m/register?codeNumber=24626,phishing,51,1,5,1,0
https://accounts.google.com,legitimate,27,1,2,2,0
http://website-clone-html-css.netlify.app/,phishing,42,0,3,2,0
https://www.oasisministries.com/fr/postale/,phishing,43,1,5,2,0
http://paypaypaynejpeub8.replit.app/,phishing,36,0,3,2,0
https://tilerssnot.blogspot.com/,phishing,32,1,3,2,0
http://uptyxqtftovv.top/,phishing,24,0,3,1,0
https://go.com,legitimate,14,1,2,1,0
https://www.autho-edfed.duckdns.org/,phishing,36,1,3,3,0
https://tiktok.com,legitimate,18,1,2,1,0
http://bosotvangnonj.cyou/login,phishing,31,0,3,1,0
http://tx6fpyhgc.top/login,phishing,26,0,3,1,0
http://latamblackfriday.vercel.app/,phishing,35,0,3,2,0
http://68agbdrx2.top/login,phishing,26,0,3,1,0
http://cypurovaigje.top/login,phishing,29,0,3,1,0
http://260aesthetic.wixsite.com/atd0/,phishing,37,0,4,2,0
http://upholljoyinlog.godaddysites.com/,phishing,39,0,3,2,0
https://bafybeiheu4az5ymdraneuxsvbwsedbsxvyufdqqrxrlnl2dlujrfmvaxam.ipfs.dweb.link/,phishing,83,1,3,3,0
https://unsplash.com,legitimate,20,1,2,1,0
https://booking.extrant-partner.lol/,phishing,36,1,3,2,0
http://www.authsbase.live/,phishing,26,0,3,2,0
http://methamask-usalognn.godaddysites.com/,phishing,43,0,3,2,0
https://msn.com,legitimate,15,1,2,1,0
https://pub-c0c326d288cf4c5b80a80b10af7d23f5.r2.dev/index.html,phishing,62,1,3,3,0
https://mailchimp.com,legitimate,21,1,2,1,0
https://pub-a8b03f861d264838bc70b3737ea516ed.r2.dev/index.html,phishing,62,1,3,3,0
https://fandom.com,legitimate,18,1,2,1,0
https://server.3ht6.com/invite/50207516,phishing,39,1,4,2,0
https://kernel.org,legitimate,18,1,2,1,0
http://flowcode.com/p/efMKP0wY5L,phishing,32,0,4,1,0
https://paradigmasa.com.co/,phishing,27,1,3,2,0
https://uiuc.edu,legitimate,16,1,2,1,0
https://intellimerge.xyz/,phishing,25,1,3,1,0
https://pub-3784361eb0b640e797495d46b35ce030.r2.dev/Audit-Report.html,phishing,69,1,3,3,0
http://monetization-violation.github.io/violatoin-help/,phishing,55,0,4,2,0
http://deutsche-bank.center-info-app.click/k38lej9rds5m,phishing,55,0,3,2,0
http://webconnect.cam/,phishing,22,0,3,1,0
https://defiwebconnect.pages.dev/dist/website,phishing,45,1,4,2,0
https://marketwatch.com,legitimate,23,1,2,1,0
http://newss.faq-whats.me/,phishing,26,0,3,2,0
http://68agbdrx2.top/,phishing,21,0,3,1,0
https://ti666.top/,phishing,18,1,3,1,0
https://inc.com,legitimate,15,1,2,1,0
http://web.telegarnn.co/,phishing,24,0,3,2,0
https://sina.com.cn,legitimate,19,1,2,2,0
https://clbkpemulih4nn.homeonline.biz.id/,phishing,41,1,3,3,0
https://trello.com,legitimate,18,1,2,1,0
https://u.infotrackkhm.top/l/,phishing,29,1,4,2,0
https://uk.com,legitimate,14,1,2,1,0
https://bit.ly,legitimate,14,1,2,1,0
http://www.is.gd/SJxj2z/,phishing,24,0,4,2,0
http://reward-ff.garenaind.com/,phishing,31,0,3,2,0
https://cache.netflix.com.id1.karasantan.web.id/,phishing,48,1,3,6,0
http://sarcosporidian.fun/,phishing,26,0,3,1,0
https://pub-d4ba0d44cbc640b0a7f9847e1b62c1b4.r2.dev/index.html,phishing,62,1,3,3,0
http://k96zujleb.top/login,phishing,26,0,3,1,0
https://support.zoom.us.id1.karasantan.web.id/,phishing,46,1,3,6,0
https://opera.com,legitimate,17,1,2,1,0
https://latimes.com,legitimate,19,1,2,1,0
https://lnkfwd.com/u/MUEUMson,phishing,29,1,4,1,0
https://indeed.com,legitimate,18,1,2,1,0
https://shop.tiktokshop.work/,phishing,29,1,3,2,0
https://pub-940c549d8b0d473e8066e5ca68d8c472.r2.dev/index.html,phishing,62,1,3,3,0
https://focippatoha-2950.vercel.app/poc.meko,phishing,44,1,3,3,0
https://intuit.com,legitimate,18,1,2,1,0
http://pub-d3cb97365019470abcfd37007973d95e.r2.dev/index.html,phishing,61,0,3,3,0
https://example2.com,legitimate,20,1,2,1,0
https://reuters.com,legitimate,19,1,2,1,0
http://63678986365.com/,phishing,23,0,3,1,0
https://wisc.edu,legitimate,16,1,2,1,0
https://dcytfhloo.shop/,phishing,23,1,3,1,0
https://clubbmxbogota.com/s_generale/societe-generale%20v1.2%2026-08-2024%20(1)%20(4)/societe-generale%20v1.2%2026-08-2024/,phishing,123,1,12,3,0
http://verified-get-tick.vercel.app/,phishing,36,0,3,2,0
https://elpais.com,legitimate,18,1,2,1,0
http://www.551001.me/promo.html,phishing,31,0,3,3,0
http://pchekolejehrpostj.7d7sr35izl.free.hr/,phishing,44,0,3,3,0
https://forms.gle,legitimate,17,1,2,1,0
http://mayfair313.wixsite.com/my-site/,phishing,38,0,4,2,0
https://point-onuni.info/,phishing,25,1,3,1,0
https://aol.co.uk,legitimate,17,1,2,2,0
http://vdv.oqp.mybluehost.me/website_997728e1/wp-admin/includes/bookmark/638/3dsece.php,phishing,87,0,8,4,0
http://steancommnunity.com/847302df7fcbec6aec54dacd5bbcb51a/c3RlYW1jb25tdW1pdHkuY29t/aHR0cDovL3N0ZWFuY29tbW51bml0eS5jb20vZ2lmdC9hY3RpdmF0aW9uL2lkPTExMzEzNDEwNzk=,phishing,161,0,6,1,0
https://gitflix-12.netlify.app/,phishing,31,1,3,2,0
https://ted.com,legitimate,15,1,2,1,0
https://sagr-28.github.io/CSSHW,phishing,31,1,3,2,0
http://webconnect.cam/,phishing,22,0,3,1,0
http://bafybeieubbdk6tipjqxnm5i6qkoynxds3ers6m3oohr525ku4i4s5ccmz4.ipfs.dweb.link/,phishing,82,0,3,3,0
https://antaidossiersuivamendimpayeerf33.zynekcctv.com/amandes/infospage.php/,phishing,77,1,5,3,0
https://flickr.com,legitimate,18,1,2,1,0
https://vice.com,legitimate,16,1,2,1,0
https://wsj.com,legitimate,15,1,2,1,0
https://lucdemers.com/tuny,phishing,26,1,3,1,0
https://cookiedatabase.org,legitimate,26,1,2,1,0
http://web3.pancake.run/,phishing,24,0,3,2,0
https://imdb.com,legitimate,16,1,2,1,0
http://luk6414.wixsite.com/my-site/,phishing,35,0,4,2,0
http://methamask-usalognn.godaddysites.com/,phishing,43,0,3,2,0
https://commonrics.firebaseapp.com/,phishing,35,1,3,2,0
https://wp.com,legitimate,14,1,2,1,0
https://linkedin.com,legitimate,20,1,2,1,0
https://businessinsider.com,legitimate,27,1,2,1,0
https://learn.microsoft.com,legitimate,27,1,2,2,0
https://jetrannegapre-7765.vercel.app/ratixx.html/,phishing,50,1,4,3,0
http://att-mail-109008.weeblysite.com/,phishing,38,0,3,2,0
https://imgur.com,legitimate,17,1,2,1,0
http://pages.tempisite.com/facebook-azerbaijan,phishing,46,0,3,2,0
https://itunes.apple.com,legitimate,24,1,2,2,0
https://25267356.cdpnk.my/,phishing,26,1,3,2,0
https://huffpost.com,legitimate,20,1,2,1,0
https://domainmarket.com,legitimate,24,1,2,1,0
https://currently70.weebly.com/,phishing,31,1,3,2,0
https://pac-trackingiv.top/i/,phishing,29,1,4,1,0
http://ckoinbaseprologin.godaddysites.com/,phishing,42,0,3,2,0
https://suport-page-manage.com/,phishing,31,1,3,1,0
https://www.024k365.com:8989/mobile-client/bet365_627/index.html?td_channelid=627,phishing,81,1,6,3,0
https://pub-b707cb1c1ad5452abd7f62804f60c7de.r2.dev/index.html,phishing,62,1,3,3,0
http://geminilginx1.godaddysites.com/,phishing,37,0,3,2,0
https://outlook.office.com,legitimate,26,1,2,2,0
http://workersremotelyfix.pages.dev/,phishing,36,0,3,2,0
https://pub-506f5f001cc548ea8d8f4efe90c4c9ee.r2.dev/index.html,phishing,62,1,3,3,0
http://9825057365.com/,phishing,22,0,3,1,0
https://nature.com,legitimate,18,1,2,1,0
https://aasdte78fjbno90.weebly.com/,phishing,35,1,3,2,0
http://zenuenlwineb.top/login,phishing,29,0,3,1,0
https://sroemcoommnumnlty.com/ikroman/trulik/nunysh,phishing,51,1,5,1,0
http://vdv.oqp.mybluehost.me/website_997728e1/wp-admin/includes/bookmark/638/paiement.php,phishing,89,0,8,4,0
https://gizmodo.com,legitimate,19,1,2,1,0
https://rewapsuotxtcom.pages.dev/,phishing,33,1,3,2,0
https://jimdo.com,legitimate,17,1,2,1,0
https://u.infotrackdxf.top/l,phishing,28,1,3,2,0
http://qksnzbdxbdhe.top/,phishing,24,0,3,1,0
https://queilatauwujo-3219.vercel.app/poc.meko,phishing,46,1,3,3,0
http://steancommnunity.com/847302df7fcbec6aec54dacd5bbcb51a/c3RlYW1jb25tdW1pdHkuY29t/aHR0cDovL3N0ZWFuY29tbW51bml0eS5jb20vZ2lmdC9hY3RpdmF0aW9uL2lkPTExMzEzNDEwNzk=,phishing,161,0,6,1,0
https://tiktokspsps.top/,phishing,24,1,3,1,0
http://dijallecibo-6130.vercel.app/ratixx.html,phishing,46,0,3,3,0
https://wiktionary.org,legitimate,22,1,2,1,0
https://me-taplatform.vercel.app/help/contact/500592023755863/,phishing,62,1,6,2,0
https://aliyun.com,legitimate,18,1,2,1,0
http://kk60.cc/,phishing,15,0,3,1,0
https://bafybeiawzpzpbzwqauhvrupzyywr5bjpjryeflsgwozc6c5u5wip4nzm6q.ipfs.dweb.link/,phishing,83,1,3,3,0
https://frontiersin.org,legitimate,23,1,2,1,0
https://spotify.com,legitimate,19,1,2,1,0
https://census.gov,legitimate,18,1,2,1,0
https://meitemaskoo.github.io/,phishing,30,1,3,2,0
https://sroemcoommnumnlty.com/kleoi/ninet/rigos,phishing,47,1,5,1,0
https://proshopmall.shop/,phishing,25,1,3,1,0
https://wix.com,legitimate,15,1,2,1,0
http://www.shanny.ca/uu/25GB/index2.php,phishing,39,0,5,3,0
https://makaansearch.com/1at0/ATO/otp2.html,phishing,43,1,5,2,0
https://metamaskioo.gitbook.io/,phishing,31,1,3,2,0
http://o263m1fps.top/login,phishing,26,0,3,1,0
https://unicef.org,legitimate,18,1,2,1,0
https://coiinbase-pro-loggin.godaddysites.com/,phishing,46,1,3,2,0
http://web.telegarnn.co/,phishing,24,0,3,2,0
https://drive.google.com,legitimate,24,1,2,2,0
http://www.telegramhcn.com/,phishing,27,0,3,2,0
http://bt-internet-109101.weeblysite.com/,phishing,41,0,3,2,0
https://peruiasm.com/m/login,phishing,28,1,4,1,0
https://zyexx.com/k776a38f07d3f74d2f1b108d7eexc8895aba.html,phishing,59,1,3,2,0
https://flowcv.me/snsjshhg,phishing,26,1,3,1,0
https://telegarnn.co/,phishing,21,1,3,1,0
http://www.instapass.fr/,phishing,24,0,3,2,0
https://entrepreneur.com,legitimate,24,1,2,1,0
http://dijallecibo-6130.vercel.app/ratixx.html,phishing,46,0,3,3,0
https://telegra.ph,legitimate,18,1,2,1,0
https://springer.com,legitimate,20,1,2,1,0
https://pub-8eec0509aa5f4af3ad9bbd83b00b600b.r2.dev/yahoomailupdated%20(1)n.html,phishing,80,1,4,3,0
https://scientificamerican.com,legitimate,30,1,2,1,0
https://dintfarm.top/YHbm6ie/16969958228128159595871151/,phishing,56,1,5,1,0
http://steamconmumity.com/gift/activation/id=1131341079,phishing,55,0,6,1,0
https://quoifitrettuppe-6521.vercel.app/ruu.html/hwkls.html,phishing,59,1,4,4,0
https://admin.ch,legitimate,16,1,2,1,0
https://pendaftaran-gas-elpji.resmi.web.id/,phishing,43,1,3,3,0
http://pub-96d3671f4c4f418ba1c02f5598ed7b51.r2.dev/index2HiC.htm,phishing,64,0,3,3,0
http://kzyqemikfbva.top/,phishing,24,0,3,1,0
http://www.shanny.ca/uu/25GB/index2.php,phishing,39,0,5,3,0
https://jghfhfjhfhffjghfghgfh.weebly.com/,phishing,41,1,3,2,0
http://coinnbase-pro-logiin.godaddysites.com/,phishing,45,0,3,2,0
https://pexels.com,legitimate,18,1,2,1,0
https://gofundme.com,legitimate,20,1,2,1,0
https://pub-51bf9d59b05d41ba8683e8ac6bce5527.r2.dev/index.html,phishing,62,1,3,3,0
https://googleapis.com,legitimate,22,1,2,1,0
http://geminilginx1.godaddysites.com/,phishing,37,0,3,2,0
http://quionbaspro-lgoiin-usa.godaddysites.com/,phishing,47,0,3,2,0
http://krakensszlogin.gitbook.io/,phishing,33,0,3,2,0
https://kh9b8vt7cr6xerctv7y8buiooiuhgyfg.weebly.com/,phishing,52,1,3,2,0
https://bedtitan.web.app/,phishing,25,1,3,2,0
https://webmd.com,legitimate,17,1,2,1,0
https://tandfonline.com,legitimate,23,1,2,1,0
https://server.2rk3.com/invite/66408923,phishing,39,1,4,2,0
https://sharunbabu.github.io/Netflix-clone/,phishing,43,1,4,2,0
https://is.gd/s1Kf3K,phishing,20,1,3,1,0
https://dfjbrydtemail.weebly.com/,phishing,33,1,3,2,0
https://arxiv.org,legitimate,17,1,2,1,0
http://tomhapbiaangonj.cyou/login,phishing,33,0,3,1,0
https://pub-eb8c27d821f3450d987b2330d29ae92c.r2.dev/index.html,phishing,62,1,3,3,0
http://geemini-login.godaddysites.com/,phishing,38,0,3,2,0
https://ll33b1.weeblysite.com/,phishing,30,1,3,2,0
https://sroemcoommnumnlty.com/qitio/nenutr/babnu,phishing,48,1,5,1,0
http://www.iwnjdk.top/,phishing,22,0,3,2,0
https://tilerssnot.blogspot.com/,phishing,32,1,3,2,0
https://truzorwullatr.gitbook.io/,phishing,33,1,3,2,0
http://amazon7yogesh.pages.dev/,phishing,31,0,3,2,0
https://ox.ac.uk,legitimate,16,1,2,2,0
https://rebrand.ly/ovo5nob,phishing,26,1,3,1,0
https://example.com,legitimate,19,1,2,1,0
https://sharepointfd.weebly.com/,phishing,32,1,3,2,0
http://coiin-base-prroloogginn.godaddysites.com/,phishing,48,0,3,2,0
https://wandulct.eventsinindonesia.com/re.php,phishing,45,1,3,3,0
http://conobassprologi.godaddysites.com/,phishing,40,0,3,2,0
https://amazon051.github.io/prueva051,phishing,37,1,3,2,0
https://suport-page-help.com/abc,phishing,32,1,3,1,0
https://pp.jsyvvriijl.bond/,phishing,27,1,3,2,0
https://deep1416.github.io/home-of-netflix/,phishing,43,1,4,2,0
https://fb.com,legitimate,14,1,2,1,0
https://walmart.com,legitimate,19,1,2,1,0
https://alter-eg0s.github.io/grade-changer/,phishing,43,1,4,2,0
http://fnxyzihiendz.top/login,phishing,29,0,3,1,0
http://dssbmeftibda.top/,phishing,24,0,3,1,0
https://www.oasisministries.com/fr/postale/,phishing,43,1,5,2,0
https://www.extremas.com.ar/dir/fr/am/3dsec.php,phishing,47,1,6,4,0
https://googletagmanager.com,legitimate,28,1,2,1,0
https://myspace.com,legitimate,19,1,2,1,0
http://bet3699a.com/,phishing,20,0,3,1,0
https://tokemn.com/,phishing,19,1,3,1,0
https://livejournal.com,legitimate,23,1,2,1,0
https://staemcomnmunity.com/tradeoffer/new/?partner=1219357172&token,phishing,68,1,7,1,0
https://doros.kinsta.cloud/wp-content/upgrade/ddprojet/pages/infromation-page.php,phishing,81,1,7,3,0
https://ch7-zeta.vercel.app/intest.html,phishing,39,1,3,3,0
https://akismet.com,legitimate,19,1,2,1,0
https://www.trustwallet.divinaldec.com/,phishing,39,1,3,3,0
http://shopify-xp.shop/wap/,phishing,27,0,4,1,0
http://klai.xx4ci.my.id/,phishing,24,0,3,3,0
https://about.com,legitimate,17,1,2,1,0
http://pay8-2v-kbawr6w4i-ekontetevi-gmailcom.vercel.app/,phishing,56,0,3,2,0
http://nvdtbzzzpdpe.top/,phishing,24,0,3,1,0
https://themetamask.co/,phishing,23,1,3,1,0
http://nftluck52.vercel.app/,phishing,28,0,3,2,0
http://shopify-xp.shop/wap/,phishing,27,0,4,1,0
https://pub-1f6eb1dee0cb430894854e27a19a83be.r2.dev/index.html,phishing,62,1,3,3,0
https://repte.beauty/+ntgljyxm2k0sel2,phishing,37,1,3,1,0
http://mail.linkbntuan-danaid.duckdns.org/,phishing,42,0,3,3,0
http://login-metamaisk.gitbook.io/,phishing,34,0,3,2,0
https://clickbank-pro.firebaseapp.com/,phishing,38,1,3,2,0
https://gitlab.com,legitimate,18,1,2,1,0
https://themeforest.net,legitimate,23,1,2,1,0
https://slaemcoonnmnumnlty.com/loigun/murmik/ortop,phishing,50,1,5,1,0
https://ca.gov,legitimate,14,1,2,1,0
http://steamconmumity.com/gift/activation/id=1561143305,phishing,55,0,6,1,0
http://solutionfun.info/landingpage/d44e60b2-1095-4555-baee-4798d0799391/c4wsgraqewcyyphkef1rqprsfkv2w7xxazgvwqkrp_0,phishing,116,0,5,1,0
https://igor-krutoi.ru/events/271244,phishing,36,1,4,1,0
https://perfectdomain.com,legitimate,25,1,2,1,0
http://ibjlwkiyatit.top/,phishing,24,0,3,1,0
https://biomedcentral.com,legitimate,25,1,2,1,0
https://u.infotracknxw.top/l/,phishing,29,1,4,2,0
https://stanford.edu,legitimate,20,1,2,1,0
https://pnas.org,legitimate,16,1,2,1,0
http://metamaskdapp.top/,phishing,24,0,3,1,0
https://clubbmxbogota.com/s_generale/societe-generale%20v1.2%2026-08-2024%20(1)%20(4)/societe-generale%20v1.2%2026-08-2024,phishing,122,1,11,3,0
http://tkshoppa.vip/,phishing,20,0,3,1,0
https://mobile.twitter.com,legitimate,26,1,2,2,0
https://tinyurl.com,legitimate,19,1,2,1,0
https://me-taplatform.vercel.app/help/contact/500592023755863/,phishing,62,1,6,2,0
http://bitvavobdjskdbdjfa.cc/,phishing,29,0,3,1,0
https://maskmethelogeysinn34.godaddysites.com/,phishing,46,1,3,2,0
http://example223.wixsite.com/my-site/,phishing,38,0,4,2,0
https://pub-b707cb1c1ad5452abd7f62804f60c7de.r2.dev/index.html,phishing,62,1,3,3,0
https://kh9b8vt7cr6xerctv7y8buiooiuhgyfg.weebly.com/,phishing,52,1,3,2,0
https://lucdemers.com/tuny,phishing,26,1,3,1,0
https://nypost.com,legitimate,18,1,2,1,0
http://pages.tempisite.com/facebook-azerbaijan,phishing,46,0,3,2,0
http://nftluck52.vercel.app/,phishing,28,0,3,2,0
http://signinattcomdynamiciamlrrlrrcontrolleo.weebly.com/,phishing,57,0,3,2,0
https://att-sign-in-101996.weebly.com/,phishing,38,1,3,2,0
https://att-sign-in-101996.weebly.com/,phishing,38,1,3,2,0
http://example223.wixsite.com/my-site/,phishing,38,0,4,2,0
https://ico.org.uk,legitimate,18,1,2,2,0
https://kouwanouzizoi-4919.vercel.app/mixcc.html,phishing,48,1,3,3,0
https://tw.midaspowers.com/,phishing,27,1,3,2,0
https://techtarget.com,legitimate,22,1,2,1,0
http://c3oj5mh4i.top/login,phishing,26,0,3,1,0
https://sroemcoommnumnlty.com/eril/btriv/hei,phishing,44,1,5,1,0
https://npr.org,legitimate,15,1,2,1,0
https://matterport.com,legitimate,22,1,2,1,0
https://peruiasm.com/m/login,phishing,28,1,4,1,0
https://vapokaufiju-7502.vercel.app/ruu.html/hwkls.html,phishing,55,1,4,4,0
https://memopeibattu-8791.vercel.app/tal.gonex/,phishing,47,1,4,3,0
https://point-onuni.info/,phishing,25,1,3,1,0
http://www.telegramhcn.com/,phishing,27,0,3,2,0
http://gminilogionc.godaddysites.com/,phishing,37,0,3,2,0
https://theatlantic.com,legitimate,23,1,2,1,0
https://disqus.com,legitimate,18,1,2,1,0
http://mmtam-sakwalllet.gitbook.io/,phishing,35,0,3,2,0
https://aafreen2.github.io/CSS-HW-1,phishing,35,1,3,2,0
http://supports-yours-pages.com/,phishing,32,0,3,1,0
https://perbaikan-akun-dana.dnyjis.biz.id/,phishing,42,1,3,3,0
https://sharepoint.com,legitimate,22,1,2,1,0
https://pub-769cdd6f40174a9dafbc4dc10d1d55f1.r2.dev/index.html,phishing,62,1,3,3,0
http://amazon-261.pages.dev/,phishing,28,0,3,2,0
https://cmu.edu,legitimate,15,1,2,1,0
https://wa.me,legitimate,13,1,2,1,0
http://hhhhfdcv14.icu/,phishing,22,0,3,1,0
https://en.wikipedia.org,legitimate,24,1,2,2,0
http://www.svipmall.shop/,phishing,25,0,3,2,0
https://zendesk.com,legitimate,19,1,2,1,0
https://antaidossiersuivamendimpayeerf33.zynekcctv.com/amandes/,phishing,63,1,4,2,0
https://wiley.com,legitimate,17,1,2,1,0
https://commonrics.web.app/,phishing,27,1,3,2,0
http://camicazi.weeblysite.com/,phishing,31,0,3,2,0
http://alfolw.dk/[email%C3%A3%C2%A3%C3%A2%C2%83%C3%A3%C2%A2%C3%A2%C2%82protected].zip,phishing,85,0,19,2,0
https://ieee.org,legitimate,16,1,2,1,0
https://ll33b1.weeblysite.com/,phishing,30,1,3,2,0
https://server.3ht6.com/invite/50207516,phishing,39,1,4,2,0
https://suport-page-manage.com/robots.txt,phishing,41,1,3,2,0
https://ukmallvip.shop/,phishing,23,1,3,1,0
https://h5.z3v2.com/index.html#/pages/active/active?inviter=66408923&domain=h5.z3v2.com&landing=h5.3y4j.com,phishing,107,1,11,7,0
https://sagepub.com,legitimate,19,1,2,1,0
https://wikipedia.org,legitimate,21,1,2,1,0
https://people.com.cn,legitimate,21,1,2,2,0
http://solutionfun.info/landingpage/d44e60b2-1095-4555-baee-4798d0799391/c4wsgraqewcyyphkef1rqprsfkv2w7xxazgvwqkrp_0,phishing,116,0,5,1,0
https://apple.com,legitimate,17,1,2,1,0
https://ncbi.nlm.nih.gov,legitimate,24,1,2,3,0
https://geimilugin3.godaddysites.com/,phishing,37,1,3,2,0
http://uptyxqtftovv.top/login,phishing,29,0,3,1,0
http://cioonbass-prologix.godaddysites.com/,phishing,43,0,3,2,0
https://plos.org,legitimate,16,1,2,1,0
https://politico.com,legitimate,20,1,2,1,0
https://teleegam.art/,phishing,21,1,3,1,0
http://tomhapxanonj.cyou/login,phishing,30,0,3,1,0
https://qwkhsf-sdw5.top/,phishing,24,1,3,1,0
https://typeform.com,legitimate,20,1,2,1,0
https://antaidossiersuivamendimpayeerf33.zynekcctv.com/amandes/paiement.php,phishing,75,1,4,3,0
http://kk60.cc/,phishing,15,0,3,1,0
http://resisted-amusing-driver.glitch.me/public/index_CNC.html,phishing,62,0,4,3,0
https://doros.kinsta.cloud/wp-content/upgrade/ddprojet/pages/payment-page.php,phishing,77,1,7,3,0
https://telegarnn.co/,phishing,21,1,3,1,0
https://bing.com,legitimate,16,1,2,1,0
https://xing.com,legitimate,16,1,2,1,0
https://metamaskdapp.cc/www/,phishing,28,1,4,1,0
http://metamaosklgin.gitbook.io/us/,phishing,35,0,4,2,0
http://newss.faq-whats.me/,phishing,26,0,3,2,0
https://cnn.com,legitimate,15,1,2,1,0
https://suport-page-manage.com/robots.txt/,phishing,42,1,4,2,0
https://glisteningtoksnev.netlify.app/,phishing,38,1,3,2,0
http://mietaessskl0gimi.godaddysites.com/,phishing,41,0,3,2,0
http://9825057365.com/,phishing,22,0,3,1,0
https://sroemcoommnumnlty.com/sredu/bambim/zhopi,phishing,48,1,5,1,0
http://www.authsbase.live/,phishing,26,0,3,2,0
http://cioonbass-prologix.godaddysites.com/,phishing,43,0,3,2,0
http://mxmxnmx.mx.zya.me/,phishing,25,0,3,3,0
https://chs0x02e823rw.pages.dev/,phishing,32,1,3,2,0
http://steamconmumity.com/gift/activation/id=1131341079,phishing,55,0,6,1,0
https://shtl.xyz/s/a736,phishing,23,1,4,1,0
https://deloitte.com,legitimate,20,1,2,1,0
https://antaidossiersuivamendimpayeerf33.zynekcctv.com/amandes/3dsece.php,phishing,73,1,4,3,0
https://tik-sellers.net/,phishing,24,1,3,1,0
http://okqmxiemzoem.top/,phishing,24,0,3,1,0
http://vdv.oqp.mybluehost.me/website_997728e1/wp-admin/includes/bookmark/638/,phishing,77,0,8,3,0
https://facebook.com,legitimate,20,1,2,1,0
https://yale.edu,legitimate,16,1,2,1,0
https://epplae.westridgemanors.com/aplee/,phishing,41,1,4,2,0
https://validator.w3.org,legitimate,24,1,2,2,0
https://sun.com,legitimate,15,1,2,1,0
https://pub-51bf9d59b05d41ba8683e8ac6bce5527.r2.dev/index.html,phishing,62,1,3,3,0
https://google.com,legitimate,18,1,2,1,0
https://paypal.com,legitimate,18,1,2,1,0
http://amazon-261.pages.dev/,phishing,28,0,3,2,0
https://typepad.com,legitimate,19,1,2,1,0
http://seller.ebay-shopprodjs.com/,phishing,34,0,3,2,0
https://squarespace.com,legitimate,23,1,2,1,0
https://facebooksupport909.uncody.site/,phishing,39,1,3,2,0
http://cbasaprologi-us.gitbook.io/,phishing,34,0,3,2,0
https://amazoneclothing.sbs/com/,phishing,32,1,4,1,0
http://fhvresver.weebly.com/,phishing,28,0,3,2,0
https://loc.gov,legitimate,15,1,2,1,0
https://mallvipy.shop/,phishing,22,1,3,1,0
http://mother.pics/+T8pkx03xSSeXR8e,phishing,35,0,3,1,0
https://weibo.com,legitimate,17,1,2,1,0
https://mr-sudarshan-patil.github.io/Netflix-Clone/,phishing,51,1,4,2,0
https://pub-444fdfd9944c4eef8f2dc986ee4833dd.r2.dev/index.html,phishing,62,1,3,3,0
http://metaamsklofgine.godaddysites.com/,phishing,40,0,3,2,0
https://96037586365.com:9900/,phishing,29,1,3,1,0
http://www.is.gd/SJxj2z/,phishing,24,0,4,2,0
https://chs0x02e823rw.pages.dev/,phishing,32,1,3,2,0
https://commonrics.web.app/,phishing,27,1,3,2,0
http://mehtamasj-llofign.godaddysites.com/,phishing,42,0,3,2,0
https://lowaller.shop/+hnhetia6rrkxd3l,phishing,38,1,3,1,0
https://whastpp.cc/,phishing,19,1,3,1,0
http://xsuweamskeidjf.weebly.com/,phishing,33,0,3,2,0
https://news.bbc.co.uk,legitimate,22,1,2,3,0
http://enjoygiftamz.fun/,phishing,24,0,3,1,0
http://pub-d89ac214e5f14f29ac8d34c1c299278a.r2.dev/z9.html,phishing,58,0,3,3,0
https://lowaller.shop/+hnhetia6rrkxd3l,phishing,38,1,3,1,0
https://pub-659044bb68384dc99a6f10639a2ce0f8.r2.dev/index.html,phishing,62,1,3,3,0
https://maps.app.goo.gl,legitimate,23,1,2,3,0
https://pub-a0123fda45df41aeaba40d3946ae8f14.r2.dev/index.html,phishing,62,1,3,3,0
https://linktr.ee,legitimate,17,1,2,1,0
http://idorangefr7.godaddysites.com/,phishing,36,0,3,2,0
https://antaidossiersuivamendimpayeerf33.zynekcctv.com/amandes/3dsece.php,phishing,73,1,4,3,0
http://mietaessskl0gimi.godaddysites.com/,phishing,41,0,3,2,0
https://pub-2deedb30aff5494b826a955e4e27f0d5.r2.dev/index.html,phishing,62,1,3,3,0
https://makaansearch.com/1at0/ATO/index.html,phishing,44,1,5,2,0
https://prosvip.shop/,phishing,21,1,3,1,0
https://geamin-logiusa.godaddysites.com/,phishing,40,1,3,2,0
https://goo.su/VN2O9,phishing,20,1,3,1,0
https://bls.gov,legitimate,15,1,2,1,0
https://bedtitan.firebaseapp.com/,phishing,33,1,3,2,0
https://jvcon-nect.org/usaaomx/,phishing,31,1,4,1,0
http://support-metahelpcenter-id100003498934.netlify.app/help/support/client_id=900521099500510/,phishing,96,0,7,2,0
https://helpnets.info/ca6e1daeadcf56468ah94b86b69o82637d16.html,phishing,63,1,3,2,0
https://spiegel.de,legitimate,18,1,2,1,0
http://conobassprologi.godaddysites.com/,phishing,40,0,3,2,0
https://slideshare.net,legitimate,22,1,2,1,0
https://xoiquaumimmeca-2256.vercel.app/ruu.html/hwkls.html,phishing,58,1,4,4,0
https://senate.gov,legitimate,18,1,2,1,0
https://huawei.com,legitimate,18,1,2,1,0
http://flowcode.com/p/efMKP0wY5L,phishing,32,0,4,1,0
http://rfobenhgodlogssus.godaddysites.com/,phishing,42,0,3,2,0
https://flowcv.me/snsjshhg,phishing,26,1,3,1,0
https://croxihollabri-9778.vercel.app/ruu.html/hwkls.html,phishing,57,1,4,4,0
https://translate.google.com,legitimate,28,1,2,2,0
https://variety.com,legitimate,19,1,2,1,0
https://princeton.edu,legitimate,21,1,2,1,0
https://curren12056.weebly.com/,phishing,31,1,3,2,0
https://w3.org,legitimate,14,1,2,1,0
http://datamatium.com/wp-admin/user/newresultssssszz/docusign.html,phishing,66,0,6,2,0
https://trimmer.to/FkHTi,phishing,24,1,3,1,0
https://theverge.com,legitimate,20,1,2,1,0
https://bedtitan.web.app/,phishing,25,1,3,2,0
https://zoom.us,legitimate,15,1,2,1,0
https://meta.com-case54874.com/help/contact/93332714637564,phishing,58,1,5,2,0
https://pub-0543c75a264040169028b3aa9abaf345.r2.dev/index.html,phishing,62,1,3,3,0
https://investopedia.com,legitimate,24,1,2,1,0
https://maps.google.com,legitimate,23,1,2,2,0
https://redhat.com,legitimate,18,1,2,1,0
http://cypurovaigje.top/login,phishing,29,0,3,1,0
https://jamanetwork.com,legitimate,23,1,2,1,0
https://ipfs.io/ipfs/bafybeie4vqg5ex5ndtagqwch6wnuabe6wfp7rloguddwmxoz7btq3uz3o4/fill.html,phishing,90,1,5,2,0
https://pubgm.event-krafton.com/,phishing,32,1,3,2,0
https://quydoi-lienquan.com/GICT7WUNAr3n4BsVnH8vSGghzEC%3EFB,phishing,60,1,4,1,0
http://www.extremas.com.ar/dir/fr/am/paiement.php,phishing,49,0,6,4,0
https://booking.partner-hub.cfd/,phishing,32,1,3,2,0
https://stumbleupon.com,legitimate,23,1,2,1,0
https://dcytfhloo.shop/,phishing,23,1,3,1,0
https://clubbmxbogota.com/s_generale/societe-generale%20v1.2%2026-08-2024%20(1)%20(4)/societe-generale%20v1.2%2026-08-2024/,phishing,123,1,12,3,0
http://metamaskdapp.cc/,phishing,23,0,3,1,0
https://gravatar.com,legitimate,20,1,2,1,0
https://pub-444fdfd9944c4eef8f2dc986ee4833dd.r2.dev/index.html,phishing,62,1,3,3,0
https://economist.com,legitimate,21,1,2,1,0
https://getpocket.com,legitimate,21,1,2,1,0
http://coiin-base-prroloogginn.godaddysites.com/,phishing,48,0,3,2,0
https://tripod.com,legitimate,18,1,2,1,0
https://start-docs-triezr.github.io/,phishing,36,1,3,2,0
https://theconversation.com,legitimate,27,1,2,1,0
https://jotform.com,legitimate,19,1,2,1,0
https://godaddy.com,legitimate,19,1,2,1,0
https://quora.com,legitimate,17,1,2,1,0
https://sedo.com,legitimate,16,1,2,1,0
http://sites.google.com/view/pecialmorals/home,phishing,46,0,5,2,0
http://tkshoppa.vip/,phishing,20,0,3,1,0
http://pay8-2v-kbawr6w4i-ekontetevi-gmailcom.vercel.app/,phishing,56,0,3,2,0
https://hubspot.com,legitimate,19,1,2,1,0
https://down.tiktok881.com/,phishing,27,1,3,2,0
https://163.com,legitimate,15,1,2,1,0
http://steancommnunity.com/847302df7fcbec6aec54dacd5bbcb51a/c3RlYW1jb25tdW1pdHkuY29t/aHR0cDovL3N0ZWFuY29tbW51bml0eS5jb20vZ2lmdC9hY3RpdmF0aW9uL2lkPTE1NjExNDMzMDU=,phishing,161,0,6,1,0
https://latam-omeg.vercel.app/,phishing,30,1,3,2,0
http://idorangefr1.weebly.com/,phishing,30,0,3,2,0
https://dw.com,legitimate,14,1,2,1,0
http://vdv.oqp.mybluehost.me/website_997728e1/wp-admin/includes/bookmark/638/3dsece.php,phishing,87,0,8,4,0
https://cloudfront.net,legitimate,22,1,2,1,0
https://steampowered.com,legitimate,24,1,2,1,0
https://mintynft10.vercel.app/,phishing,30,1,3,2,0
http://tx6fpyhgc.top/login,phishing,26,0,3,1,0
https://upenn.edu,legitimate,17,1,2,1,0
https://chrome.google.com,legitimate,25,1,2,2,0
http://workersremotelyfix.pages.dev/,phishing,36,0,3,2,0
http://metaamsklofgine.godaddysites.com/,phishing,40,0,3,2,0
https://pub-c0c326d288cf4c5b80a80b10af7d23f5.r2.dev/index.html,phishing,62,1,3,3,0
https://getbootstrap.com,legitimate,24,1,2,1,0
https://hfsrtyuiopytrytrety-yretyu6545ytugy.pages.dev/,phishing,54,1,3,2,0
https://acs.org,legitimate,15,1,2,1,0
https://outlook.com,legitimate,19,1,2,1,0
https://sroemcoommnumnlty.com/utro/kaifulu/hulin,phishing,48,1,5,1,0
https://github.com,legitimate,18,1,2,1,0
https://freepik.com,legitimate,19,1,2,1,0
https://ec.europa.eu,legitimate,20,1,2,2,0
https://openseas-nftclaim20.vercel.app/,phishing,39,1,3,2,0
https://pub-e3953676f2eb45c8a55de54223357830.r2.dev/index.html,phishing,62,1,3,3,0
https://rakuten-carda.info/,phishing,27,1,3,1,0
https://foxnews.com,legitimate,19,1,2,1,0
https://usps.com-tarude.cc/rog/,phishing,31,1,4,2,0
https://uchicago.edu,legitimate,20,1,2,1,0
http://www.mail.trpeiprzak.com/,phishing,31,0,3,3,0
https://atmailupdatewptnskmdinfomailacct.weebly.com/,phishing,52,1,3,2,0
https://scholar.google.com,legitimate,26,1,2,2,0
https://login.uxinnovation.com.br/,phishing,34,1,3,3,0
http://krakensszlogin.gitbook.io/,phishing,33,0,3,2,0
https://allegrolokalnie.kategorie-polecane-831.buzz/aukcja/31231c0628519-4ec4-4684-8589-ea0c4bca88e8,phishing,100,1,4,2,0
http://shopify-xp.shop/,phishing,23,0,3,1,0
https://zoom.com,legitimate,16,1,2,1,0
https://gartner.com,legitimate,19,1,2,1,0
http://www.goo.su/nkzl3A/,phishing,25,0,4,2,0
http://autoreplyattmode.wixsite.com/my-site-1/,phishing,46,0,4,2,0
https://antaidossiersuivamendimpayeerf33.zynekcctv.com/amandes/3dsec.php,phishing,72,1,4,3,0
https://mashable.com,legitimate,20,1,2,1,0
https://etsy.com,legitimate,16,1,2,1,0
http://kucoiinspacelogn.godaddysites.com/,phishing,41,0,3,2,0
https://pub-6ff145fcc44944dbad18bef4dd988852.r2.dev/index.html,phishing,62,1,3,3,0
https://openseas-nftclaim20.vercel.app/,phishing,39,1,3,2,0
https://meetup.com,legitimate,18,1,2,1,0
https://trimmer.to/FkHTi,phishing,24,1,3,1,0
https://mohammedsalihv.github.io/netflix/,phishing,41,1,4,2,0
https://intellimerge.xyz/,phishing,25,1,3,1,0
https://launchpad.net,legitimate,21,1,2,1,0
https://outlook.live.com,legitimate,24,1,2,2,0
https://promunnomenni-2290.vercel.app/ruu.html/hwkls.html,phishing,57,1,4,4,0
https://koikenlgein.godaddysites.com/,phishing,37,1,3,2,0
https://trimmer.to/kFOGH,phishing,24,1,3,1,0
https://docs-iotrazor.github.io/,phishing,32,1,3,2,0
https://kracnlogong.gitbook.io/,phishing,31,1,3,2,0
https://u.infotrackcwd.top/l/,phishing,29,1,4,2,0
https://mxrdigras.github.io/quickflix-repo,phishing,42,1,3,2,0
http://satinnaaoabbs.weebly.com/,phishing,32,0,3,2,0
https://hhs.gov,legitimate,15,1,2,1,0
https://whastpp.cc/,phishing,19,1,3,1,0
https://ciwiresuotxtcom.pages.dev/,phishing,34,1,3,2,0
https://dailymotion.com,legitimate,23,1,2,1,0
http://www.inpostdom.cyou/,phishing,26,0,3,2,0
http://quegrucogrouvoi-8717.vercel.app/ratixx.html,phishing,50,0,3,3,0
http://dxyezzxkrvqf.top/login,phishing,29,0,3,1,0
https://hilton.com,legitimate,18,1,2,1,0
https://go.id,legitimate,13,1,2,1,0
https://debian.org,legitimate,18,1,2,1,0
http://uptyxqtftovv.top/,phishing,24,0,3,1,0
https://deviantart.com,legitimate,22,1,2,1,0
https://makaansearch.com/1at0/ATO/index2.html,phishing,45,1,5,2,0
https://dana-m.duckdns.org/,phishing,27,1,3,2,0
https://metamiisklogixx.godaddysites.com/,phishing,41,1,3,2,0
https://rebrand.ly/1c3fe0,phishing,25,1,3,1,0
http://www.pusatbntuan-dana.duckdns.org/,phishing,40,0,3,3,0
https://matamuskloggin.github.io/,phishing,33,1,3,2,0
https://globenewswire.com,legitimate,25,1,2,1,0
http://reward-ff.garenaind.com/,phishing,31,0,3,2,0
https://psu.edu,legitimate,15,1,2,1,0
https://usnews.com,legitimate,18,1,2,1,0
https://patreon.com,legitimate,19,1,2,1,0
http://iw2091-2100.netlify.app/,phishing,31,0,3,2,0
https://cnbc.com,legitimate,16,1,2,1,0
https://scribd.com,legitimate,18,1,2,1,0
https://docs-bridge-trzro.github.io/en-us/,phishing,42,1,4,2,0
https://jstor.org,legitimate,17,1,2,1,0
https://mdpi.com,legitimate,16,1,2,1,0
https://cbc.ca,legitimate,14,1,2,1,0
https://yellowjacket.co.nz/ap/index.php,phishing,39,1,4,3,0
http://kucoiinspacelogn.godaddysites.com/,phishing,41,0,3,2,0
https://hfsrtyuiopytrytrety-yretyu6545ytugy.pages.dev/,phishing,54,1,3,2,0
https://pbs.org,legitimate,15,1,2,1,0
https://mr-sudarshan-patil.github.io/Netflix-Clone/,phishing,51,1,4,2,0
https://proshopmall.shop/,phishing,25,1,3,1,0
http://ff.sukienvip-garena.io.vn/,phishing,33,0,3,3,0
https://cisco.com,legitimate,17,1,2,1,0
https://mckinsey.com,legitimate,20,1,2,1,0
https://w3schools.com,legitimate,21,1,2,1,0
https://kickstarter.com,legitimate,23,1,2,1,0
https://themeisle.com,legitimate,21,1,2,1,0
http://satinnaaoabbs.weebly.com/,phishing,32,0,3,2,0
https://koikenlgein.godaddysites.com/,phishing,37,1,3,2,0
https://wordpress.org,legitimate,21,1,2,1,0
https://sainuasd.com/,phishing,21,1,3,1,0
http://mmmetamsk-logg.godaddysites.com/,phishing,39,0,3,2,0
https://themetamask.co/,phishing,23,1,3,1,0
https://php.net,legitimate,15,1,2,1,0
https://hugedomains.com,legitimate,23,1,2,1,0
https://ft.com,legitimate,14,1,2,1,0
http://camicazi.weeblysite.com/,phishing,31,0,3,2,0
https://beian.miit.gov.cn,legitimate,25,1,2,3,0
https://suport-page-help.com/abc,phishing,32,1,3,1,0
https://allaboutcookies.org,legitimate,27,1,2,1,0
http://dxyezzxkrvqf.top/login,phishing,29,0,3,1,0
https://eff.org,legitimate,15,1,2,1,0
https://office887.weebly.com/,phishing,29,1,3,2,0
https://docswlltcnnctt.gitbook.io/en-us,phishing,39,1,3,2,0
https://vimeo.com,legitimate,17,1,2,1,0
https://igor-krutoi.ru/events/271244,phishing,36,1,4,1,0
https://taobao.com,legitimate,18,1,2,1,0
http://www.udaanjunior.com/htaccess/,phishing,36,0,4,2,0
https://web3live.pages.dev/,phishing,27,1,3,2,0
https://support.zoom.us.id1.karasantan.web.id/,phishing,46,1,3,6,0
https://policies.google.com,legitimate,27,1,2,2,0
http://sarcosporidian.fun/,phishing,26,0,3,1,0
https://tiktokspsps.top/,phishing,24,1,3,1,0
http://makaansearch.com/1at0/ATO/otp2.html,phishing,42,0,5,2,0
https://sroemcoommnumnlty.com/ikroman/trulik/nunysh,phishing,51,1,5,1,0
https://mybt-106689.weeblysite.com/,phishing,35,1,3,2,0
http://nvdtbzzzpdpe.top/,phishing,24,0,3,1,0
https://xinhuanet.com,legitimate,21,1,2,1,0
https://usda.gov,legitimate,16,1,2,1,0
https://whatsapp.com,legitimate,20,1,2,1,0
http://methammaskusaalognini.godaddysites.com/,phishing,46,0,3,2,0
http://mail.pusatbntuan-dana.duckdns.org/,phishing,41,0,3,3,0
https://logesh1404.github.io/Instagram-Clone-login-page/,phishing,56,1,4,2,0
http://68agbdrx2.top/,phishing,21,0,3,1,0
https://coiinbase-pro-loggin.godaddysites.com/,phishing,46,1,3,2,0
https://gemsini-login.gitbook.io/us,phishing,35,1,3,2,0
http://jetrannegapre-7765.vercel.app/ratixx.html,phishing,48,0,3,3,0
https://whatsapp-kd.com/,phishing,24,1,3,1,0
https://queilatauwujo-3219.vercel.app/poc.meko,phishing,46,1,3,3,0
https://creativecommons.org,legitimate,27,1,2,1,0
https://miit.gov.cn,legitimate,19,1,2,2,0
http://jagej73796.wixsite.com/my-site/,phishing,38,0,4,2,0
http://www.cba-verify-identity.com/main.html,phishing,44,0,3,3,0
https://kriiaakeenloviine.gitbook.io/,phishing,37,1,3,2,0
http://openconnect.netflix.com.first.cilukba.us.kg/,phishing,51,0,3,6,0
https://qq.com,legitimate,14,1,2,1,0
https://wandulct.eventsinindonesia.com/,phishing,39,1,3,2,0
https://pinterest.com,legitimate,21,1,2,1,0
http://www.iwnjdk.top/,phishing,22,0,3,2,0
https://usps.com-tarude.cc/rog/,phishing,31,1,4,2,0
https://metamaskdapp.cc/www/,phishing,28,1,4,1,0
http://pub-d89ac214e5f14f29ac8d34c1c299278a.r2.dev/z9.html,phishing,58,0,3,3,0
https://sninhmall.com/,phishing,22,1,3,1,0
http://o263m1fps.top/login,phishing,26,0,3,1,0
https://hp.com,legitimate,14,1,2,1,0
https://wixsite.com,legitimate,19,1,2,1,0
https://ti666.top/,phishing,18,1,3,1,0
https://addtoany.com,legitimate,20,1,2,1,0
https://newsweek.com,legitimate,20,1,2,1,0
https://clickbank-pro.firebaseapp.com/,phishing,38,1,3,2,0
https://claim-free-verified-badge.vercel.app/,phishing,45,1,3,2,0
https://jghfhfjhfhffjghfghgfh.weebly.com/,phishing,41,1,3,2,0
https://techcrunch.com,legitimate,22,1,2,1,0
https://open.spotify.com,legitimate,24,1,2,2,0
https://deep1416.github.io/home-of-netflix/,phishing,43,1,4,2,0
https://creativeservices.netflix.com.id1.karasantan.web.id/,phishing,59,1,3,6,0
http://mmtam-sakwalllet.gitbook.io/,phishing,35,0,3,2,0
https://login.uxinnovation.com.br/login,phishing,39,1,3,3,0
https://tkmall.shopping/,phishing,24,1,3,1,0
http://makaansearch.com/1at0/ATO/file/db_connect.php,phishing,52,0,6,2,0
https://httpd.apache.org,legitimate,24,1,2,2,0
http://steancommnunity.com/gift/activation/id=1561143305,phishing,56,0,6,1,0
https://shop.tiktokshop.work/,phishing,29,1,3,2,0
https://ukmallvip.shop/,phishing,23,1,3,1,0
https://pubgm.event-krafton.com/,phishing,32,1,3,2,0
https://play.google.com,legitimate,23,1,2,2,0
https://fb.me,legitimate,13,1,2,1,0
https://dijallecibo-6130.vercel.app/ratixx.html/,phishing,48,1,4,3,0
https://purdue.edu,legitimate,18,1,2,1,0
https://facebooksupport909.uncody.site/,phishing,39,1,3,2,0
http://paypaypaynejpeub8.replit.app/,phishing,36,0,3,2,0
http://npca.netflix.com.id1.karasantan.web.id/,phishing,46,0,3,6,0
https://qwkhsf-sdw5.top/,phishing,24,1,3,1,0
https://docs-bridge-trzro.github.io/en-us/,phishing,42,1,4,2,0
https://influenceteamdatastream.vercel.app/A2Yr9Nv=qfK1UtB$nhditgid=1HYt.html,phishing,77,1,5,3,0
https://www.024k365.com:8989/mobile-client/bet365_627/index.html?td_channelid=627,phishing,81,1,6,3,0
https://kriiaakeenloviine.gitbook.io/,phishing,37,1,3,2,0
https://statista.com,legitimate,20,1,2,1,0
http://datrennenima-4673.vercel.app/mixcc.html/index.html,phishing,57,0,4,4,0
https://engadget.com,legitimate,20,1,2,1,0
https://docs.google.com,legitimate,23,1,2,2,0
https://wordpress.com,legitimate,21,1,2,1,0
https://ed.gov,legitimate,14,1,2,1,0
https://wikimedia.org,legitimate,21,1,2,1,0
http://weltgram.xys70.cc/,phishing,25,0,3,2,0
http://www.werdenaktualisiert.com/wp-content/themes/twentytwentytwo/templates/24/Aktion/re88872155DE680220/05580578780CH8569980055DE00650/c5e20c025935c2d8b18c6ed8e5590db3/,phishing,171,0,12,2,0
http://www.cirriusgroup.com/,phishing,28,0,3,2,0
http://vdv.oqp.mybluehost.me/website_997728e1/wp-admin/includes/bookmark/638/3dsec.php,phishing,86,0,8,4,0
https://indiegogo.com,legitimate,21,1,2,1,0
https://thelancet.com,legitimate,21,1,2,1,0
http://k96zujleb.top/login,phishing,26,0,3,1,0
https://ftc.gov,legitimate,15,1,2,1,0
https://repte.beauty/+ntgljyxm2k0sel2,phishing,37,1,3,1,0
http://deutsche-bank.center-info-app.click/k38lej9rds5m,phishing,55,0,3,2,0
https://uci.edu,legitimate,15,1,2,1,0
https://pub-a58832a85ddb4e9abc898a965971118b.r2.dev/index.html,phishing,62,1,3,3,0
http://247-dapprectify.pages.dev/,phishing,33,0,3,2,0
http://hhhhfdcv14.icu/,phishing,22,0,3,1,0
https://pub-2a7c35ab42534559b978ecb5650f2963.r2.dev/AT%26TYAHOO.html,phishing,68,1,4,3,0
https://gemsini-login.gitbook.io/us,phishing,35,1,3,2,0
http://idkbsmvenxtm.top/,phishing,24,0,3,1,0
https://umich.edu,legitimate,17,1,2,1,0
https://coniabaseprolognus.gitbook.io/,phishing,38,1,3,2,0
https://pendaftaran-gas-elpji.resmi.web.id/,phishing,43,1,3,3,0
https://clickbank-pro.web.app/,phishing,30,1,3,2,0
http://pub-d3cb97365019470abcfd37007973d95e.r2.dev/index.html,phishing,61,0,3,3,0
https://mail.google.com,legitimate,23,1,2,2,0
https://antaidossiersuivamendimpayeerf33.zynekcctv.com/amandes/infospage.php/,phishing,77,1,5,3,0
https://skype.com,legitimate,17,1,2,1,0
https://kcoinbisaecoinserror.azurewebsites.net/,phishing,47,1,3,2,0
https://yahoo.co.jp,legitimate,19,1,2,2,0
http://yetoksuotxtcom.pages.dev/,phishing,32,0,3,2,0
https://dijallecibo-6130.vercel.app/ratixx.html/,phishing,48,1,4,3,0
http://nv-metmskilogi.godaddysites.com/,phishing,39,0,3,2,0
https://suport-page-manage.com/robots.txt,phishing,41,1,3,2,0
https://kracnlogong.gitbook.io/,phishing,31,1,3,2,0
https://sroemcoommnumnlty.com/utro/kaifulu/hulin,phishing,48,1,5,1,0
https://dropbox.com,legitimate,19,1,2,1,0
https://channel-xq.buzz/tme,phishing,27,1,3,1,0
https://makaansearch.com/1at0/ATO/personal.html,phishing,47,1,5,2,0
https://pub-a0123fda45df41aeaba40d3946ae8f14.r2.dev/index.html,phishing,62,1,3,3,0
https://pub-6350a5e7e149466784e1040f235693c5.r2.dev/index.html,phishing,62,1,3,3,0
http://site-audit-fedex-reo.pantheonsite.io/,phishing,44,0,3,2,0
https://g.co,legitimate,12,1,2,1,0
https://pub-2deedb30aff5494b826a955e4e27f0d5.r2.dev/index.html,phishing,62,1,3,3,0
https://stackoverflow.com,legitimate,25,1,2,1,0
https://defiwebconnect.pages.dev/dist/website,phishing,45,1,4,2,0
https://darshan9611.github.io/price,phishing,35,1,3,2,0
https://tripadvisor.com,legitimate,23,1,2,1,0
http://pkodbnemubtd.top/,phishing,24,0,3,1,0
https://uqklaz1.3bh5ujij7pp.dns-dynamic.net/,phishing,44,1,3,3,0
https://postgresql.org,legitimate,22,1,2,1,0
http://metamaskcrypto.top/,phishing,26,0,3,1,0
https://accionesbnrural1-gt.pages.dev/,phishing,38,1,3,2,0
https://fortune.com,legitimate,19,1,2,1,0
http://ff.sukienvip-garena.io.vn/,phishing,33,0,3,3,0
https://sroemcoommnumnlty.com/sredu/bambim/zhopi,phishing,48,1,5,1,0
https://list-manage.com,legitimate,23,1,2,1,0
https://elegantthemes.com,legitimate,25,1,2,1,0
http://xq5ns1k6w.top/login,phishing,26,0,3,1,0
https://bund.de,legitimate,15,1,2,1,0
https://dintfarm.top/YHbm6ie/16969958228128159595871151/,phishing,56,1,5,1,0
https://booking.com,legitimate,19,1,2,1,0
https://muaaweyahkp.github.io/fb-signup-bs5/,phishing,44,1,4,2,0
http://www.mail.trpeiprzak.com/,phishing,31,0,3,3,0
https://t.me,legitimate,12,1,2,1,0
https://cdc.gov,legitimate,15,1,2,1,0
https://pubmed.ncbi.nlm.nih.gov,legitimate,31,1,2,4,0
https://state.gov,legitimate,17,1,2,1,0
https://serivsacu.casa/,phishing,23,1,3,1,0
https://m.me,legitimate,12,1,2,1,0
https://cpanel.net,legitimate,18,1,2,1,0
